INSERT INTO area
(nome)
VALUES
('Jardineiro'),
('Pintor'),
('Eletricista'),
('Encanador'),
('Marceneiro'),
('Montador'),
('Gesseiro');

INSERT INTO servico
(area_id, nome)
VALUES
(1, 'Poda'),
(1, 'Controle de Pragas'),
(1, 'Projeto e paisagismo de jardins'),
(2, 'Pintura de paredes internas e externas'),
(2, 'Pintura de portas, janelas e portoes'),
(2, 'Restauração e repintura de fachadas'),
(3, 'Instalação e manutenção elétrica residencial'),
(3, 'Troca de fiação elétrica'),
(3, 'Troca de lâmpada'),
(4, 'Reparos e manutenção de encanamentos'),
(4, 'Instalação de torneiras, chuveiros e pias'),
(4, 'Detecção e reparos de vazamentos'),
(5, 'Fabricação e montagem de móveis sob medida'),
(5, 'Restauração e reparo de móveis de madeira'),
(5, 'Criação de projetos personalizados em madeira'),
(6, 'Montagem de móveis pré-fabricados'),
(6, 'Montagem de estruturas metálicas'),
(6, 'Instalação de sistemas modulares'),
(7, 'Molduras e sancas de gesso'),
(7, 'Decoração em gesso 3D'),
(7, 'Reparos e manutenção em elementos de gesso');

INSERT INTO usuario
(id, nome, email, senha, cpf, telefone, orcamento_min, orcamento_max, descricao, presta_aula, plano, status, anexo_pfp, acessos, tipo_usuario, canal, area_id)
VALUES
    (1, 'Joaquim Gimenes Pires', 'joaquim.pires@sptech.school', '$2a$10$Pfz3ATcOC0jdOt4F36IxGuGBrfRtxovR1LAZkWoolJRdd7xVF.4sS', '12345678901', '11987654321', null, null, null, null, null, 2, null, null, 1, 0, null),
    (2, 'Maria Santos', 'maria.santos@example.com', '$2a$10$Pfz3ATcOC0jdOt4F36IxGuGBrfRtxovR1LAZkWoolJRdd7xVF.4sS', '98765432109', '11976543210', 1000.00, 2000.00, 'Olá, sou a Maria Santos, eletricista profissional com mais de 10 anos de experiência no mercado. Minha paixão sempre foi garantir que as instalações elétricas das pessoas sejam seguras e eficientes. Fui treinada por alguns dos melhores profissionais do setor e estou constantemente me atualizando para oferecer o melhor serviço possível. Comprometimento, segurança e satisfação do cliente são os pilares do meu trabalho. Se você precisa de uma eletricista de confiança, que preza pela qualidade e eficiência, estou à disposição para ajudar. Espero poder servir você em breve!', 0, 2, 2, 'https://images.unsplash.com/photo-1517841905240-472988babdf9?ixlib=rb-4.0.3&ixid=M3wxMjA3fDB8MHxwaG90by1wYWdlfHx8fGVufDB8fHx8fA%3D%3D&auto=format&fit=crop&w=1887&q=80', 0, 2, 4, 3),
    (3, 'Maria Santos', 'maria.santos@example.com', '$2a$10$Pfz3ATcOC0jdOt4F36IxGuGBrfRtxovR1LAZkWoolJRdd7xVF.4sS', '98765432109', '11976543210', null, null, null, null, null, 2, null, null, 1, 1, null),
    (4, 'Ana Oliveira', 'ana.oliveira@example.com', '$2a$10$Pfz3ATcOC0jdOt4F36IxGuGBrfRtxovR1LAZkWoolJRdd7xVF.4sS', '76543210987', '11965432109', null, null, null, null, null, 2, null, null, 1, 4, null),
    (5, 'Fernanda Souza', 'fernanda.souza@example.com', '$2a$10$Pfz3ATcOC0jdOt4F36IxGuGBrfRtxovR1LAZkWoolJRdd7xVF.4sS', '23456789012', '11912345678', null, null, null, null, null, 2, null, null, 1, 3, null),
    (6, 'Rafaela Lima', 'rafaela.lima@example.com', '$2a$10$Pfz3ATcOC0jdOt4F36IxGuGBrfRtxovR1LAZkWoolJRdd7xVF.4sS', '34567890123', '11923456789', 1200.00, 2000.00, 'Olá! Sou Rafaela Lima, montadora especializada com mais de 7 anos de trajetória neste campo. Ao longo dos anos, dediquei-me a montar, ajustar e reparar uma variedade de móveis e estruturas, garantindo sempre um acabamento perfeito e a satisfação do cliente. Meu trabalho é caracterizado pela precisão, atenção aos detalhes e um profundo respeito pelo objeto que estou montando. Se você busca alguém comprometido e que realmente entende do ofício de montagem, estou aqui para ajudar. Espero ter a oportunidade de trabalhar com você e garantir que suas peças fiquem perfeitamente montadas e seguras!', 0, 2, 2, 'https://images.unsplash.com/photo-1487412720507-e7ab37603c6f?ixlib=rb-4.0.3&ixid=M3wxMjA3fDB8MHxwaG90by1wYWdlfHx8fGVufDB8fHx8fA%3D%3D&auto=format&fit=crop&w=2071&q=80', 0, 2, 1, 6),
    (7, 'Carlos Mendes', 'carlos.mendes@example.com', '$2a$10$Pfz3ATcOC0jdOt4F36IxGuGBrfRtxovR1LAZkWoolJRdd7xVF.4sS', '45678901234', '11934567890', null, null, null, null, null, 2, null, null, 1, 4, null),
    (8, 'Pedro Santos', 'pedro.santos@example.com', '$2a$10$Pfz3ATcOC0jdOt4F36IxGuGBrfRtxovR1LAZkWoolJRdd7xVF.4sS', '56789012345', '11945678901', null, null, null, null, null, 2, null, null, 1, 1, null),
    (9, 'Lucas Monte', 'lucas.monte@example.com', '$2a$10$Pfz3ATcOC0jdOt4F36IxGuGBrfRtxovR1LAZkWoolJRdd7xVF.4sS', '67890123456', '11956789012', 700.00, 1400.00, 'Olá! Meu nome é Lucas Monte e sou um marceneiro apaixonado com mais de 10 de experiência no ramo. Cada pedaço de madeira é uma oportunidade para mim de transformar um simples material em uma obra de arte funcional e durável. Me especializo em projetos residenciais.', 0, 1, 2, 'https://images.unsplash.com/photo-1599566150163-29194dcaad36?ixlib=rb-4.0.3&ixid=M3wxMjA3fDB8MHxzZWFyY2h8MTd8fHBlcnNvbnxlbnwwfHwwfHx8MA%3D%3D&auto=format&fit=crop&w=600&q=60', 0, 2, 1, 2),
    (10, 'Pedro Oliveira', 'pedro.oliveira@example.com', '$2a$10$Pfz3ATcOC0jdOt4F36IxGuGBrfRtxovR1LAZkWoolJRdd7xVF.4sS', '34567890123', '11965432107', 2000.00, 3000.00, 'Olá, sou Pedro Oliveira, eletricista dedicado com mais de 15 anos de experiência em instalações e manutenções elétricas. Ao longo da minha carreira, trabalhei em diversos projetos, desde pequenos reparos domésticos até grandes instalações comerciais. Tenho um compromisso pessoal com a segurança e a excelência em cada serviço que realizo. Acredito que um trabalho bem feito é aquele que combina técnica apurada, materiais de qualidade e atendimento personalizado. Se você está em busca de um profissional responsável e que valoriza a confiança depositada nele, estou à sua disposição. Vamos juntos iluminar seus projetos!', 1, 3, 2, 'https://images.unsplash.com/photo-1500648767791-00dcc994a43e?ixlib=rb-4.0.3&ixid=M3wxMjA3fDB8MHxwaG90by1wYWdlfHx8fGVufDB8fHx8fA%3D%3D&auto=format&fit=crop&w=1887&q=80', 0, 2, 2, 3),
    (11, 'Ana Souza', 'ana.souza@example.com', '$2a$10$Pfz3ATcOC0jdOt4F36IxGuGBrfRtxovR1LAZkWoolJRdd7xVF.4sS', '45678901234', '11954321098', 2500.00, 3500.00, 'Olá! Sou Ana Souza, encanadora experiente com mais de 12 anos atuando em reparos e instalações hidráulicas. A água é um recurso essencial em nossas vidas, e garantir que ela flua corretamente e sem vazamentos é a minha especialidade. Trabalho com dedicação, buscando soluções eficientes e duradouras para cada desafio que me é apresentado. Minha abordagem é baseada na honestidade, transparência e no compromisso de deixar cada ambiente mais funcional e seguro. Se você procura uma profissional comprometida e que entende do mundo da hidráulica, estou aqui para ajudar. Juntos, podemos garantir que a água em sua casa ou empresa corra da maneira certa!', 0, 1, 2, 'https://images.unsplash.com/photo-1567532939604-b6b5b0db2604?ixlib=rb-4.0.3&ixid=M3wxMjA3fDB8MHxwaG90by1wYWdlfHx8fGVufDB8fHx8fA%3D%3D&auto=format&fit=crop&w=1887&q=80', 0, 2, 3, 4),
    (12, 'Lucas Ferreira', 'lucas.ferreira@example.com', '$2a$10$Pfz3ATcOC0jdOt4F36IxGuGBrfRtxovR1LAZkWoolJRdd7xVF.4sS', '56789012345', '11943210987', null, null, null, null, null, 2, null, null, 1, 4, null),
    (13, 'Fernanda Rodrigues', 'fernanda.rodrigues@example.com', '$2a$10$Pfz3ATcOC0jdOt4F36IxGuGBrfRtxovR1LAZkWoolJRdd7xVF.4sS', '67890123456', '11932109876', null, null, null, null, null, 2, null, null, 1, 3, null),
    (14, 'Gustavo Lima', 'gustavo.lima@example.com', '$2a$10$Pfz3ATcOC0jdOt4F36IxGuGBrfRtxovR1LAZkWoolJRdd7xVF.4sS', '78901234567', '11921098765', 4000.00, 5000.00, 'Olá! Sou Gustavo Lima, gesseiro profissional com mais de 8 anos de experiência no ramo. A arte de trabalhar com gesso vai além da técnica; é sobre transformar espaços, criar ambientes harmoniosos e dar vida às visões dos meus clientes. Cada projeto é único, e trato cada um com a atenção e o cuidado que merecem. Utilizo as melhores ferramentas e materiais para garantir acabamentos impecáveis e duradouros. Se você busca por um especialista que compreenda suas necessidades e entregue resultados de alta qualidade em decoração e reparos em gesso, estou à disposição para tornar sua visão uma realidade. Vamos criar algo incrível juntos!', 0, 1, 2, 'https://images.unsplash.com/photo-1544723795-3fb6469f5b39?ixlib=rb-4.0.3&ixid=M3wxMjA3fDB8MHxwaG90by1wYWdlfHx8fGVufDB8fHx8fA%3D%3D&auto=format&fit=crop&w=1889&q=80', 0, 2, 4, 7),
    (15, 'Juliana Almeida', 'juliana.almeida@example.com', '$2a$10$Pfz3ATcOC0jdOt4F36IxGuGBrfRtxovR1LAZkWoolJRdd7xVF.4sS', '89012345678', '11910987654', null, null, null, null, null, 2, null, null, 1, 0, null),
    (16, 'Rafael Martins', 'rafael.martins@example.com', '$2a$10$Pfz3ATcOC0jdOt4F36IxGuGBrfRtxovR1LAZkWoolJRdd7xVF.4sS', '90123456789', '11909876543', 4000.00, 5000.00, 'Olá! Sou Rafael Martins, pintor profissional com uma trajetória de mais de 9 anos transformando e renovando espaços através das cores. Acredito que uma boa pintura tem o poder de revitalizar ambientes, refletir personalidades e trazer novas energias. Minha abordagem combina técnica apurada, conhecimento sobre as últimas tendências e uma verdadeira paixão pelo que faço. Priorizo a preparação cuidadosa das superfícies e a utilização de materiais de primeira linha, garantindo acabamentos de excelência e durabilidade. Se você busca um pintor que entenda suas expectativas e que se dedique a superá-las, estou à disposição para colaborar em seu próximo projeto. Vamos juntos colorir seus sonhos!', 0, 3, 2, 'https://images.unsplash.com/photo-1503443207922-dff7d543fd0e?ixlib=rb-4.0.3&ixid=M3wxMjA3fDB8MHxwaG90by1wYWdlfHx8fGVufDB8fHx8fA%3D%3D&auto=format&fit=crop&w=1854&q=80', 0, 2, 1, 2),
    (17, 'Camila Gomes', 'camila.gomes@example.com', '$2a$10$Pfz3ATcOC0jdOt4F36IxGuGBrfRtxovR1LAZkWoolJRdd7xVF.4sS', '01234567890', '11998765432', null, null, null, null, null, 2, null, null, 1, 2, null),
    (18, 'Ricardo Santos', 'ricardo.santos@example.com', '$2a$10$Pfz3ATcOC0jdOt4F36IxGuGBrfRtxovR1LAZkWoolJRdd7xVF.4sS', '12345678901', '11987654321', null, null, null, null, null, 2, null, null, 1, 0, null),
    (19, 'Amanda Oliveira', 'amanda.oliveira@example.com', '$2a$10$Pfz3ATcOC0jdOt4F36IxGuGBrfRtxovR1LAZkWoolJRdd7xVF.4sS', '23456789012', '11976543210', null, null, null, null, null, 2, null, null, 1, 1, null),
    (20, 'José Faria', 'jose.faria@example.com', '$2a$10$Pfz3ATcOC0jdOt4F36IxGuGBrfRtxovR1LAZkWoolJRdd7xVF.4sS', '34567890123', '11965432107', 2000.00, 3000.00, 'Olá! Sou José Faria, eletricista com mais de 14 anos de dedicação ao mundo das instalações e manutenções elétricas. A eletricidade é uma força invisível, mas sua presença segura e eficaz em nossos lares e estabelecimentos é essencial. Meu compromisso é garantir que essa energia flua da forma mais segura e eficiente possível. Ao longo dos anos, enfrentei os mais diversos desafios elétricos, e cada um deles aprimorou ainda mais minha expertise. Utilizo equipamentos modernos e sigo rigorosamente todas as normas técnicas. Se busca um profissional que une experiência, precisão e um atendimento personalizado, estou à sua disposição para iluminar seus projetos. Juntos, faremos a energia trabalhar a nosso favor!', 1, 3, 2, 'https://img.freepik.com/fotos-gratis/close-up-foto-de-um-homem-bonito-branco-com-barba-vestido-com-uma-camiseta-olhando-e-sorrindo-com-uma-expressao-alegre-e-feliz-sentado-em-um-restaurante-na-calcada-em-um-dia-ensolarado-esperando-por-amigos_273609-6600.jpg', 0, 2, 2, 3),
    (21, 'Carolina Souza', 'carolina.souza@example.com', '$2a$10$Pfz3ATcOC0jdOt4F36IxGuGBrfRtxovR1LAZkWoolJRdd7xVF.4sS', '45678901234', '11954321098', 2500.00, 3500.00, 'Olá! Sou Carolina Souza, encanadora especializada com mais de 11 anos garantindo que a água flua corretamente em residências e estabelecimentos. Compreendo a importância de um sistema hidráulico bem-instalado e livre de problemas, e é por isso que me dedico a cada projeto como se fosse em minha própria casa. Ao longo da minha carreira, adquiri habilidades para identificar, diagnosticar e resolver uma ampla gama de questões relacionadas a encanamentos. Trabalho com transparência, comprometimento e foco no cliente, sempre buscando oferecer soluções duradouras e de qualidade. Se você precisa de uma encanadora de confiança, que combina conhecimento técnico com um atendimento atencioso, estou aqui para ajudar. Vamos juntos garantir que a água em seu espaço flua perfeitamente!', 0, 1, 2, 'https://images.unsplash.com/photo-1618085221129-cb9f9ac1e651?ixlib=rb-4.0.3&ixid=M3wxMjA3fDB8MHxwaG90by1wYWdlfHx8fGVufDB8fHx8fA%3D%3D&auto=format&fit=crop&w=1887&q=80', 0, 2, 3, 4),
    (22, 'Matheus Ferreira', 'matheus.ferreira@example.com', '$2a$10$Pfz3ATcOC0jdOt4F36IxGuGBrfRtxovR1LAZkWoolJRdd7xVF.4sS', '56789012345', '11943210987', null, null, null, null, null, 2, null, null, 1, 4, null),
    (23, 'Camila Gomes', 'camila.gomes@example.com', '$2a$10$Pfz3ATcOC0jdOt4F36IxGuGBrfRtxovR1LAZkWoolJRdd7xVF.4sS', '01234567890', '11998765432', null, null, null, null, null, 2, null, null, 1, 2, null),
    (24, 'Ricardo Santos', 'ricardo.santos@example.com', '$2a$10$Pfz3ATcOC0jdOt4F36IxGuGBrfRtxovR1LAZkWoolJRdd7xVF.4sS', '12345678901', '11987654321', null, null, null, null, null, 2, null, null, 1, 0, null),
    (25, 'Amanda Oliveira', 'amanda.oliveira@example.com', '$2a$10$Pfz3ATcOC0jdOt4F36IxGuGBrfRtxovR1LAZkWoolJRdd7xVF.4sS', '23456789012', '11976543210', null, null, null, null, null, 2, null, null, 1, 1, null),
    (26, 'Gabriel Rodrigues', 'gabriel.rodrigues@example.com', '$2a$10$Pfz3ATcOC0jdOt4F36IxGuGBrfRtxovR1LAZkWoolJRdd7xVF.4sS', '34567890123', '11965432107', 2000.00, 3000.00, 'Olá! Sou Gabriel Rodrigues, eletricista comprometido e apaixonado pelo que faço, com mais de 13 anos de experiência no setor elétrico. A eletricidade é um elemento fundamental em nossas vidas, e garantir sua segurança e eficiência é a minha missão. Ao longo da minha carreira, tive a oportunidade de trabalhar em diversos projetos, desde instalações residenciais simples até complexos sistemas elétricos industriais. Prezo pela qualidade, uso de materiais de primeira linha e, acima de tudo, pela segurança de todos os envolvidos. Se busca um eletricista experiente, que se preocupa genuinamente com as necessidades de seus clientes e que está sempre atualizado com as novas tecnologias e normas do setor, estou à sua disposição. Juntos, daremos luz aos seus projetos com a máxima confiabilidade!', 1, 3, 2, 'https://images.unsplash.com/photo-1506794778202-cad84cf45f1d?ixlib=rb-4.0.3&ixid=M3wxMjA3fDB8MHxwaG90by1wYWdlfHx8fGVufDB8fHx8fA%3D%3D&auto=format&fit=crop&w=1887&q=80', 0, 2, 2, 3),
    (27, 'João Pedro', 'joao.pedro@email.com', '$2a$10$Pfz3ATcOC0jdOt4F36IxGuGBrfRtxovR1LAZkWoolJRdd7xVF.4sS', '12345678901', '1234567890', NULL, NULL, NULL, NULL, NULL, 2, NULL, NULL, 1, 0, NULL),
    (28, 'João Paulo', 'joao.paulo@email.com', '$2a$10$Pfz3ATcOC0jdOt4F36IxGuGBrfRtxovR1LAZkWoolJRdd7xVF.4sS', '12345678902', '1234567891', 60, 3000, 'Olá! Sou João Paulo, pintor especializado com mais de 10 anos colorindo e transformando ambientes. A pintura, para mim, é mais do que simplesmente aplicar cor a uma superfície; é uma forma de expressão e renovação. Cada projeto é uma nova tela, e meu objetivo é capturar a essência do que meus clientes desejam, transformando espaços e trazendo vida através das cores. Utilizo técnicas modernas e produtos de alta qualidade para garantir acabamentos duradouros e esteticamente agradáveis. Se você está procurando um pintor que combina paixão, técnica e um olhar atento aos detalhes, estou à sua disposição para tornar sua visão uma realidade colorida. Vamos juntos dar um novo tom à sua vida!', 1, 2, 2, 'https://i.pinimg.com/564x/6b/42/88/6b42884dc496eb43e3321338cab8caa3.jpg', NULL, 2, 1, 2),
    (29, 'João Matheus', 'joao.matheus@email.com', '$2a$10$Pfz3ATcOC0jdOt4F36IxGuGBrfRtxovR1LAZkWoolJRdd7xVF.4sS', '12345678903', '1234567892', NULL, NULL, NULL, NULL, NULL, 2, NULL, NULL, 1, 2, NULL),
    (30, 'João Lucas', 'joão.lucas@email.com', '$2a$10$Pfz3ATcOC0jdOt4F36IxGuGBrfRtxovR1LAZkWoolJRdd7xVF.4sS', '12345678904', '1234567893', 80, 4000, 'Olá! Sou João Lucas, encanador com mais de 12 anos de experiência, garantindo que a água e outros fluídos circulem corretamente, sem vazamentos ou problemas. Entendo que o trabalho de encanamento é vital para o conforto e a funcionalidade de qualquer espaço. Por isso, dedico-me a cada serviço com atenção, responsabilidade e o conhecimento técnico adquirido ao longo dos anos. Seja um pequeno reparo ou uma instalação completa, trato cada tarefa com a seriedade que ela merece. Uso ferramentas e materiais de primeira linha, sempre focando na durabilidade e eficiência do serviço prestado. Se você busca um encanador comprometido, que entende a importância de um trabalho bem-feito e que preza pela satisfação do cliente, estou à sua disposição. Juntos, podemos garantir que tudo flua perfeitamente em seu espaço!', 1, 1, 2, 'https://images.pexels.com/photos/1656684/pexels-photo-1656684.jpeg?auto=compress&cs=tinysrgb&w=1260&h=750&dpr=1', NULL, 2, 3, 4),
    (31, 'João Joaquim', 'joao.joaquim@email.com', '$2a$10$Pfz3ATcOC0jdOt4F36IxGuGBrfRtxovR1LAZkWoolJRdd7xVF.4sS', '12345678905', '1234567894', NULL, NULL, NULL, NULL, NULL, 2, NULL, NULL, 1, 0, NULL),
    (32, 'João Victor', 'joao.victor@email.com', '$2a$10$Pfz3ATcOC0jdOt4F36IxGuGBrfRtxovR1LAZkWoolJRdd7xVF.4sS', '12345678906', '1234567895', 100, 5000, 'Olá! Sou João Victor, pintor dedicado com uma trajetória de mais de 8 anos dando vida e cor a diversos ambientes. Acredito que a pintura é uma forma de arte que tem o poder de transformar e revitalizar espaços, refletindo sentimentos e personalidades. Cada parede, cada superfície, é uma oportunidade de criar algo novo e inspirador. Meu compromisso é com a qualidade do serviço, utilizando sempre materiais de excelência e técnicas atualizadas. Além disso, valorizo a comunicação com meus clientes, entendendo suas expectativas e entregando resultados que superem suas visões. Se você procura um pintor que une técnica, paixão e atenção aos detalhes, estou à disposição para trazer cor e vida ao seu projeto. Vamos juntos transformar seu espaço em uma verdadeira obra de arte!', 0, 2, 2, 'https://images.pexels.com/photos/15565598/pexels-photo-15565598/free-photo-of-preto-e-branco-p-b-elegancia-sofisticacao.jpeg?auto=compress&cs=tinysrgb&w=1260&h=750&dpr=1', NULL, 2, 1, 2),
    (33, 'João Vitor', 'joao.vitor@email.com', '$2a$10$Pfz3ATcOC0jdOt4F36IxGuGBrfRtxovR1LAZkWoolJRdd7xVF.4sS', '12345678907', '1234567896', NULL, NULL, NULL, NULL, NULL, 2, NULL, NULL, 1, 2, NULL),
    (34, 'João Viktor', 'joao.viktor@email.com', '$2a$10$Pfz3ATcOC0jdOt4F36IxGuGBrfRtxovR1LAZkWoolJRdd7xVF.4sS', '12345678908', '1234567897', 65, 3250, 'Olá! Sou João Viktor, jardineiro apaixonado pela natureza com mais de 6 anos cultivando e embelezando espaços verdes. Para mim, jardinagem é mais do que um ofício, é uma forma de conectar as pessoas com o ambiente natural, trazendo harmonia, beleza e bem-estar. Cada jardim, planta ou espaço verde que cuido é tratado com dedicação e carinho, considerando as necessidades específicas e o desejo dos meus clientes. Utilizo técnicas sustentáveis e ecológicas, sempre visando o equilíbrio e a saúde das plantas. Se você busca um jardineiro que entende a importância de um espaço verde bem cuidado e que trabalha com amor e conhecimento, estou aqui para ajudar. Vamos juntos criar e manter jardins que sejam verdadeiros refúgios de paz e beleza!', 1, 3, 2, 'https://images.pexels.com/photos/9950569/pexels-photo-9950569.jpeg?auto=compress&cs=tinysrgb&w=1260&h=750&dpr=1',NULL,  2, 3, 1),
    (35, 'João Mateus', 'joao.mateus@email.com', '$2a$10$Pfz3ATcOC0jdOt4F36IxGuGBrfRtxovR1LAZkWoolJRdd7xVF.4sS', '12345678909', '1234567898', NULL, NULL, NULL, NULL, NULL, 2, NULL, NULL, 1, 3, NULL),
    (36, 'João Marco', 'joao.marco@email.com', '$2a$10$Pfz3ATcOC0jdOt4F36IxGuGBrfRtxovR1LAZkWoolJRdd7xVF.4sS', '12345678910', '1234567899', 75, 3750, 'Olá! Sou João Marco, eletricista com mais de 9 anos de experiência, iluminando e energizando os espaços de forma segura e eficiente. No mundo da eletricidade, cada detalhe conta, e é por isso que me dedico a garantir que cada instalação, reparo ou manutenção seja realizada com a máxima precisão e cuidado. Estou sempre em busca de atualizações e formações, pois acredito que um bom profissional nunca para de aprender. Utilizo equipamentos de ponta e sigo todas as normativas de segurança, assegurando que seus projetos elétricos estejam em boas mãos. Se você procura um eletricista comprometido, técnico e que preza pela satisfação do cliente, estou à sua disposição. Vamos juntos garantir que a energia flua corretamente em seu espaço!', 0, 2, 2, 'https://images.pexels.com/photos/220453/pexels-photo-220453.jpeg?auto=compress&cs=tinysrgb&w=1260&h=750&dpr=1',NULL,  2, 0, 3),
    (37, 'João Marcos', 'joao.marcos@email.com', '$2a$10$Pfz3ATcOC0jdOt4F36IxGuGBrfRtxovR1LAZkWoolJRdd7xVF.4sS', '12345678911', '1234567890', NULL, NULL, NULL, NULL, NULL, 2, NULL, NULL, 1, 1, NULL),
    (38, 'João Marcus', 'joao.marcus@email.com', '$2a$10$Pfz3ATcOC0jdOt4F36IxGuGBrfRtxovR1LAZkWoolJRdd7xVF.4sS', '12345678912', '1234567891', 90, 4500, 'Olá! Sou João Marcus, marceneiro dedicado com mais de 10 anos transformando madeira em peças de arte funcional. A marcenaria é, para mim, uma combinação perfeita de técnica, precisão e paixão. Cada projeto é uma oportunidade de dar vida a ideias, criar móveis duráveis e personalizados que refletem a personalidade e as necessidades de meus clientes. Trabalho com uma variedade de madeiras, escolhendo sempre os melhores materiais e ferramentas para assegurar acabamentos impecáveis. Seja um móvel sob medida, uma restauração ou uma peça decorativa, trato cada tarefa com o mesmo zelo e atenção aos detalhes. Se você busca um marceneiro que une tradição, inovação e um toque artístico, estou à disposição para realizar seus projetos de marcenaria. Juntos, transformaremos madeira em sonhos concretizados!', 1, 2, 2, 'https://images.pexels.com/photos/2379004/pexels-photo-2379004.jpeg?auto=compress&cs=tinysrgb&w=1260&h=750&dpr=1', NULL,  2, 2, 5),
    (39, 'João Kleber', 'joao.kleber@email.com', '$2a$10$Pfz3ATcOC0jdOt4F36IxGuGBrfRtxovR1LAZkWoolJRdd7xVF.4sS', '12345678913', '1234567892', NULL, NULL, NULL, NULL, NULL, 2, NULL, NULL, 1, 3, NULL),
    (40, 'João Cleber', 'joao.cleber@email.com', '$2a$10$Pfz3ATcOC0jdOt4F36IxGuGBrfRtxovR1LAZkWoolJRdd7xVF.4sS', '12345678914', '1234567893', 55, 2750, 'Olá! Sou João Cleber, gesseiro experiente com mais de 11 anos modelando e transformando ambientes com o toque singular do gesso. Através desse material versátil, tenho a capacidade de criar ambientes elegantes, funcionais e personalizados. Cada projeto é uma oportunidade de mostrar a beleza e a praticidade que o gesso pode oferecer, seja em sancas, divisórias, molduras ou detalhes decorativos. Priorizo sempre a qualidade e a durabilidade em meus trabalhos, utilizando técnicas avançadas e materiais de primeira linha. Se você busca um gesseiro comprometido, que combina técnica apurada com um olhar estético refinado, estou à sua disposição para dar forma aos seus projetos. Vamos juntos transformar seus espaços com a magia e a sofisticação do gesso!', 0, 3, 2, 'https://images.pexels.com/photos/1300402/pexels-photo-1300402.jpeg?auto=compress&cs=tinysrgb&w=1260&h=750&dpr=1',NULL,  2, 0, 7),
    (41, 'João Gomes', 'joao.gomes@email.com', '$2a$10$Pfz3ATcOC0jdOt4F36IxGuGBrfRtxovR1LAZkWoolJRdd7xVF.4sS', '12345678915', '1234567894', NULL, NULL, NULL, NULL, NULL, 2, NULL, NULL, 1, 1, NULL),
    (42, 'Pedro Paulo', 'pedro.paulo@email.com', '$2a$10$Pfz3ATcOC0jdOt4F36IxGuGBrfRtxovR1LAZkWoolJRdd7xVF.4sS', '12345678916', '1234567895', 80, 4000, 'Olá! Sou Pedro Paulo, pintor especializado com mais de 7 anos trazendo cor e vida a diferentes ambientes. Entendo que pintar vai além de simplesmente cobrir uma superfície com tinta; é sobre expressar sensações, renovar atmosferas e refletir a essência de um espaço. Cada projeto é uma jornada única, e minha missão é captar e materializar a visão dos meus clientes com precisão e arte. Utilizo materiais de alta qualidade e técnicas atualizadas para garantir acabamentos que impressionam pela beleza e durabilidade. Se você busca um pintor que alia paixão, técnica e comprometimento, estou aqui para atendê-lo. Vamos juntos dar cor aos seus sonhos e transformar seu ambiente em uma verdadeira obra de arte!', 1, 3, 2, 'https://images.pexels.com/photos/1222271/pexels-photo-1222271.jpeg?auto=compress&cs=tinysrgb&w=1260&h=750&dpr=1',NULL,  2, 2, 2),
    (43, 'Pedro Cesar', 'pedro.cesar@email.com', '$2a$10$Pfz3ATcOC0jdOt4F36IxGuGBrfRtxovR1LAZkWoolJRdd7xVF.4sS', '12345678917', '1234567896', NULL, NULL, NULL, NULL, NULL, 2, NULL, NULL, 1, 3, NULL),
    (44, 'Pedro Lima', 'pedro.lima@email.com', '$2a$10$Pfz3ATcOC0jdOt4F36IxGuGBrfRtxovR1LAZkWoolJRdd7xVF.4sS', '12345678918', '1234567897', 70, 3500, 'Olá! Sou Pedro Lima, encanador com mais de 9 anos garantindo que sistemas hidráulicos funcionem com perfeição. O mundo da encanação é complexo e essencial, e minha missão é assegurar que a água chegue e saia de locais de maneira eficiente e sem contratempos. Com uma vasta experiência em instalações, manutenções e diagnósticos de problemas, me dedico a cada projeto com atenção e profissionalismo. Utilizo ferramentas modernas e técnicas comprovadas para proporcionar soluções duráveis e de qualidade. Se você procura um encanador confiável, técnico e comprometido com a excelência, estou à sua disposição. Juntos, vamos garantir que seus sistemas hidráulicos operem de forma impecável!', 0, 2, 2, 'https://images.pexels.com/photos/91227/pexels-photo-91227.jpeg?auto=compress&cs=tinysrgb&w=1260&h=750&dpr=1',NULL,  2, 0, 4),
    (45, 'Pedro Gustavo', 'pedro.gustavo@email.com', '$2a$10$Pfz3ATcOC0jdOt4F36IxGuGBrfRtxovR1LAZkWoolJRdd7xVF.4sS', '12345678919', '1234567898', NULL, NULL, NULL, NULL, NULL, 2, NULL, NULL, 1, 1, NULL),
    (46, 'João Gustavo', 'joao.gustavo@email.com', '$2a$10$Pfz3ATcOC0jdOt4F36IxGuGBrfRtxovR1LAZkWoolJRdd7xVF.4sS', '12345678920', '1234567899', 75, 3750, 'Olá! Sou João Gustavo, montador especializado com mais de 8 anos de experiência em montagem de móveis e estruturas diversas. Entendo que cada peça é única e requer uma abordagem meticulosa para garantir estabilidade, funcionalidade e estética. Ao longo dos anos, adquiri habilidades que me permitem realizar montagens com precisão, rapidez e cuidado, assegurando a satisfação de meus clientes. Seja um móvel planejado, um kit adquirido ou até mesmo estruturas mais complexas, meu compromisso é entregar um trabalho de alta qualidade. Se você busca um montador que combina técnica, eficiência e um olhar atento aos detalhes, estou à sua disposição para transformar suas peças em realidade. Juntos, daremos forma e função aos seus projetos!', 0, 1, 2, 'https://images.pexels.com/photos/1516680/pexels-photo-1516680.jpeg?auto=compress&cs=tinysrgb&w=1260&h=750&dpr=1',NULL,  2, 2, 6),
    (47, 'Pedro Ferro', 'pedro.ferro@email.com', '$2a$10$Pfz3ATcOC0jdOt4F36IxGuGBrfRtxovR1LAZkWoolJRdd7xVF.4sS', '12345678921', '1234567890', NULL, NULL, NULL, NULL, NULL, 2, NULL, NULL, 1, 0, NULL),
    (48, 'Matheus Siqueira', 'matheus.siqueira@email.com', '$2a$10$Pfz3ATcOC0jdOt4F36IxGuGBrfRtxovR1LAZkWoolJRdd7xVF.4sS', '12345678922', '1234567891', 60, 3000, 'Olá! Sou Matheus Siqueira, pintor profissional com mais de 6 anos dedicados à arte de colorir e renovar ambientes. Para mim, pintura é uma expressão de identidade, onde cada tonalidade e pincelada conta uma história e dá vida a um espaço. Meu compromisso é entender a visão de cada cliente e traduzi-la em realidade, utilizando técnicas modernas e tintas de alta qualidade. Seja para revigorar um ambiente antigo ou dar vida a um novo espaço, trato cada projeto com a mesma paixão e dedicação. Se você busca um pintor que une sensibilidade artística, técnica apurada e profissionalismo, estou à disposição para trazer cor e inspiração ao seu ambiente. Juntos, vamos transformar seu espaço em um verdadeiro retrato de suas aspirações e desejos!', 1, 2, 2, 'https://images.pexels.com/photos/775358/pexels-photo-775358.jpeg?auto=compress&cs=tinysrgb&w=1260&h=750&dpr=1',NULL,  2, 1, 2),
    (49, 'Matheus Nunes', 'matheus.nunes@email.com', '$2a$10$Pfz3ATcOC0jdOt4F36IxGuGBrfRtxovR1LAZkWoolJRdd7xVF.4sS', '12345678923', '1234567892', NULL, NULL, NULL, NULL, NULL, 2, NULL, NULL, 1, 2, NULL),
    (50, 'Matheus Pinto', 'metheus.pinto@email.com', '$2a$10$Pfz3ATcOC0jdOt4F36IxGuGBrfRtxovR1LAZkWoolJRdd7xVF.4sS', '12345678924', '1234567893', 80, 4000, 'Olá! Sou Matheus Pinto, encanador profissional com mais de 10 anos assegurando que sistemas hidráulicos operem com eficiência e segurança. Através dos anos, aprendi que um bom encanamento é a base para o conforto e funcionalidade de qualquer edificação. Seja em instalações novas, reparos ou manutenções preventivas, meu foco é sempre garantir que a água flua corretamente e que eventuais problemas sejam rapidamente identificados e corrigidos. Utilizo ferramentas e técnicas de ponta, e estou constantemente me atualizando para oferecer as melhores soluções a meus clientes. Se você está em busca de um encanador experiente, técnico e que preza pela satisfação do cliente, estou à sua disposição. Vamos trabalhar juntos para garantir que seus sistemas hidráulicos funcionem perfeitamente!', 1, 1, 2, 'https://images.pexels.com/photos/868113/pexels-photo-868113.jpeg?auto=compress&cs=tinysrgb&w=1260&h=750&dpr=1',NULL,  2, 3, 4),
    (51, 'Matheus Kasaoka', 'matheus.kasaoka@email.com', '$2a$10$Pfz3ATcOC0jdOt4F36IxGuGBrfRtxovR1LAZkWoolJRdd7xVF.4sS', '12345678925', '1234567894', NULL, NULL, NULL, NULL, NULL, 2, NULL, NULL, 1, 0, NULL),
    (52, 'Matheus Hugo', 'matheus.hugo@email.com', '$2a$10$Pfz3ATcOC0jdOt4F36IxGuGBrfRtxovR1LAZkWoolJRdd7xVF.4sS', '12345678926', '1234567895', 100, 5000, 'Olá! Sou Matheus Hugo, pintor dedicado com uma trajetória de mais de 7 anos transformando e revitalizando ambientes através da magia das cores. A pintura, para mim, é um diálogo entre a essência do espaço e os desejos de quem o habita. Cada projeto é uma oportunidade de mergulhar nessa conversa e trazer à tona um resultado que encante e renove. Combinando técnica precisa, materiais de qualidade e um toque pessoal, busco sempre superar as expectativas e entregar trabalhos que perdurem tanto em beleza quanto em durabilidade. Se você procura um pintor que entende a arte e a ciência por trás de uma boa pintura, estou à disposição para dar cor e vida ao seu espaço. Vamos, juntos, pintar histórias e sonhos!', 0, 2, 2, 'https://images.pexels.com/photos/1680172/pexels-photo-1680172.jpeg?auto=compress&cs=tinysrgb&w=1260&h=750&dpr=1',NULL,  2, 1, 2),
    (53, 'Victor Madeira', 'victor.madeira@email.com', '$2a$10$Pfz3ATcOC0jdOt4F36IxGuGBrfRtxovR1LAZkWoolJRdd7xVF.4sS', '12345678927', '1234567896', NULL, NULL, NULL, NULL, NULL, 2, NULL, NULL, 1, 2, NULL),
    (54, 'Victor Lemos', 'victor.kogos@email.com', '$2a$10$Pfz3ATcOC0jdOt4F36IxGuGBrfRtxovR1LAZkWoolJRdd7xVF.4sS', '12345678928', '1234567897', 65, 3250, 'Olá! Sou Victor Lemos, jardineiro com mais de 9 anos cultivando e cuidando de espaços verdes. Acredito que um jardim bem cuidado tem o poder de transformar ambientes, trazer paz e conectar as pessoas à natureza. Com dedicação e amor, trato cada planta, flor e árvore como se fossem únicas, buscando sempre o equilíbrio perfeito entre estética e saúde vegetal. Utilizo técnicas sustentáveis e ecológicas, sempre com o objetivo de promover um ambiente saudável e harmonioso. Se você busca alguém que entenda a linguagem das plantas e que trabalhe com paixão e conhecimento, estou à sua disposição. Juntos, vamos criar e manter jardins que sejam verdadeiras fontes de inspiração e bem-estar!', 1, 3, 2, 'https://images.pexels.com/photos/761115/pexels-photo-761115.jpeg?auto=compress&cs=tinysrgb&w=1260&h=750&dpr=1',NULL,  2, 3, 1),
    (55, 'Victor Pedra', 'victor.pedra@email.com', '$2a$10$Pfz3ATcOC0jdOt4F36IxGuGBrfRtxovR1LAZkWoolJRdd7xVF.4sS', '12345678929', '1234567898', NULL, NULL, NULL, NULL, NULL, 2, NULL, NULL, 1, 3, NULL),
    (56, 'Victor Ferreira', 'victor.ferreira@email.com', '$2a$10$Pfz3ATcOC0jdOt4F36IxGuGBrfRtxovR1LAZkWoolJRdd7xVF.4sS', '12345678930', '1234567899', 75, 3750, 'Olá! Sou Victor Ferreira, eletricista profissional com mais de 12 anos iluminando e energizando espaços de maneira segura e eficaz. A eletricidade é uma força potente e vital, e meu compromisso é garantir que ela seja canalizada corretamente, garantindo segurança e funcionalidade. Ao longo da minha carreira, enfrentei uma vasta gama de desafios elétricos, de pequenos reparos domésticos a grandes projetos industriais. Meu foco é sempre na precisão, qualidade e, acima de tudo, na segurança de meus clientes. Utilizo as melhores ferramentas e estou sempre atualizado sobre as últimas normas e inovações do setor elétrico. Se você busca um eletricista dedicado, experiente e confiável, estou à sua disposição. Vamos juntos garantir que a energia em seu espaço flua da melhor maneira possível!', 0, 2, 2, 'https://images.pexels.com/photos/1073097/pexels-photo-1073097.jpeg?auto=compress&cs=tinysrgb&w=1260&h=750&dpr=1',NULL,  2, 0, 3),
    (57, 'Victor Lanterna', 'victor.lanterna@email.com', '$2a$10$Pfz3ATcOC0jdOt4F36IxGuGBrfRtxovR1LAZkWoolJRdd7xVF.4sS', '12345678931', '1234567890', NULL, NULL, NULL, NULL, NULL, 2, NULL, NULL, 1, 1, NULL),
    (58, 'Victor Pato', 'victor.pato@email.com', '$2a$10$Pfz3ATcOC0jdOt4F36IxGuGBrfRtxovR1LAZkWoolJRdd7xVF.4sS', '12345678932', '1234567891', 90, 4500, 'Olá! Sou Victor Pato, marceneiro artesão com mais de 11 anos transformando madeira em peças únicas e funcionais. A marcenaria, para mim, é uma combinação de técnica, arte e paixão. Cada pedaço de madeira esconde uma história, e meu trabalho é revelar essa beleza, criando móveis e peças que se encaixam perfeitamente nas necessidades e desejos de meus clientes. Seja um móvel sob medida, uma peça decorativa ou uma restauração cuidadosa, trato cada projeto com dedicação e atenção meticulosa aos detalhes. Utilizo materiais de alta qualidade e técnicas tradicionais aliadas a inovações contemporâneas. Se você busca um marceneiro que valoriza a essência da madeira e entrega trabalhos com excelência, estou à sua disposição. Juntos, vamos dar forma aos seus sonhos em madeira!', 0, 2, 2, 'https://images.pexels.com/photos/1139743/pexels-photo-1139743.jpeg?auto=compress&cs=tinysrgb&w=1260&h=750&dpr=1',NULL,  2, 2, 5),
    (59, 'Victor Ganso', 'victor.ganso@email.com', '$2a$10$Pfz3ATcOC0jdOt4F36IxGuGBrfRtxovR1LAZkWoolJRdd7xVF.4sS', '12345678933', '1234567892', NULL, NULL, NULL, NULL, NULL, 2, NULL, NULL, 1, 3, NULL),
    (60, 'Julia Pasta', 'julia.pasta@email.com', '$2a$10$Pfz3ATcOC0jdOt4F36IxGuGBrfRtxovR1LAZkWoolJRdd7xVF.4sS', '12345678934', '1234567893', 55, 2750, 'Olá! Sou Julia Pasta, gesseira especializada com mais de 8 anos de experiência, transformando e aprimorando ambientes com o toque sofisticado do gesso. Considero o gesso uma matéria-prima versátil e encantadora, capaz de dar vida a detalhes arquitetônicos e criar atmosferas únicas em qualquer espaço. Meu trabalho é caracterizado pela precisão, criatividade e compromisso com a satisfação do cliente. Desde sancas elegantes a paredes de gesso acartonado, busco sempre oferecer soluções que combinem funcionalidade, estética e durabilidade. Se você procura uma gesseira dedicada, que entende as nuances do material e está pronta para trazer sua visão à realidade, estou à disposição para colaborar em seu próximo projeto. Vamos juntos moldar ambientes incríveis com gesso!', 1, 3, 2, 'https://images.pexels.com/photos/774909/pexels-photo-774909.jpeg?auto=compress&cs=tinysrgb&w=1260&h=750&dpr=1',NULL,  2, 0, 7),
    (61, 'Julia Vieira', 'julia.vieira@email.com', '$2a$10$Pfz3ATcOC0jdOt4F36IxGuGBrfRtxovR1LAZkWoolJRdd7xVF.4sS', '12345678935', '1234567894', NULL, NULL, NULL, NULL, NULL, 2, NULL, NULL, 1, 1, NULL),
    (62, 'Julia Barbosa', 'julia.barbasa@email.com', '$2a$10$Pfz3ATcOC0jdOt4F36IxGuGBrfRtxovR1LAZkWoolJRdd7xVF.4sS', '12345678936', '1234567895', 80, 4000, 'Olá! Sou Julia Barbosa, pintora com mais de 7 anos de experiência, trazendo vida, cor e renovação a diversos ambientes. Acredito que a pintura é uma expressão da alma de um espaço e tem o poder de transformar e refletir as emoções e desejos de quem o habita. Com técnica apurada, sensibilidade artística e um olhar atento aos detalhes, busco captar a essência de cada projeto e traduzi-la em cores e texturas. Seja uma parede interna, uma fachada ou um mural artístico, meu compromisso é com a excelência e a satisfação dos meus clientes. Se você busca uma pintora que une paixão, técnica e criatividade, estou à disposição para tornar seu espaço um verdadeiro reflexo de sua personalidade. Vamos juntos colorir sonhos e criar atmosferas encantadoras!', 1, 1, 2, 'https://images.pexels.com/photos/1239291/pexels-photo-1239291.jpeg?auto=compress&cs=tinysrgb&w=1260&h=750&dpr=1',NULL,  2, 2, 2),
    (63, 'Julia Flores', 'julia.flores@email.com', '$2a$10$Pfz3ATcOC0jdOt4F36IxGuGBrfRtxovR1LAZkWoolJRdd7xVF.4sS', '12345678937', '1234567896', NULL, NULL, NULL, NULL, NULL, 2, NULL, NULL, 1, 3, NULL),
    (64, 'Julia Meneses', 'julia.meneses@email.com', '$2a$10$Pfz3ATcOC0jdOt4F36IxGuGBrfRtxovR1LAZkWoolJRdd7xVF.4sS', '12345678938', '1234567897', 70, 3500, 'Olá! Sou Julia Meneses, encanadora especializada com mais de 9 anos garantindo que sistemas hidráulicos funcionem com eficácia e segurança. Nesse universo de tubulações e conexões, entendo a importância de um trabalho bem executado, que vai além de simples reparos e instalações, mas sim, garante o conforto e tranquilidade de todos que confiam em meu serviço. Com uma abordagem técnica e minuciosa, busco sempre oferecer soluções que sejam duradouras e eficientes. Seja em uma simples manutenção residencial ou em sistemas mais complexos, meu compromisso é com a qualidade e satisfação do cliente. Se você está em busca de uma encanadora que une experiência, dedicação e um atendimento personalizado, estou à disposição para ajudar. Juntos, vamos garantir que a água em seu espaço flua da forma correta!', 1, 3, 2, 'https://images.pexels.com/photos/1130626/pexels-photo-1130626.jpeg?auto=compress&cs=tinysrgb&w=1260&h=750&dpr=1',NULL,  2, 0, 4),
    (65, 'Fabio Seabra', 'fabio.seabra@email.com', '$2a$10$Pfz3ATcOC0jdOt4F36IxGuGBrfRtxovR1LAZkWoolJRdd7xVF.4sS', '12345678939', '1234567898', NULL, NULL, NULL, NULL, NULL, 2, NULL, NULL, 1, 1, NULL),
    (66, 'Paulo Gimenes', 'paulo.gimenes@email.com', '$2a$10$Pfz3ATcOC0jdOt4F36IxGuGBrfRtxovR1LAZkWoolJRdd7xVF.4sS', '12345678940', '1234567899', 75, 3750, 'Olá! Sou Paulo Gimenes, montador profissional com mais de 10 anos de experiência em montagem de móveis e estruturas variadas. Cada peça, cada móvel, representa um desafio e uma oportunidade de trazer funcionalidade e estética a um espaço. Com uma abordagem meticulosa e focada nos detalhes, garanto que cada montagem seja realizada com precisão, segurança e qualidade. Seja um móvel planejado, um kit recém-adquirido ou uma estrutura complexa, trato cada projeto com o zelo e a dedicação que ele merece. Utilizo ferramentas de ponta e técnicas comprovadas para assegurar a satisfação de meus clientes. Se você busca um montador experiente, comprometido e que valoriza a perfeição em cada detalhe, estou à sua disposição. Vamos juntos transformar peças desmontadas em espaços prontos para serem vividos!', 0, 1, 2, 'https://images.pexels.com/photos/1680175/pexels-photo-1680175.jpeg?auto=compress&cs=tinysrgb&w=1260&h=750&dpr=1',NULL,  2, 2, 6),
    (67, 'Julia Maria', 'julia.maria@email.com', '$2a$10$Pfz3ATcOC0jdOt4F36IxGuGBrfRtxovR1LAZkWoolJRdd7xVF.4sS', '12345678941', '1234567890', NULL, NULL, NULL, NULL, NULL, 2, NULL, NULL, 1, 1, NULL),
    (68, 'Maria Julia', 'maria.julia@email.com', '$2a$10$Pfz3ATcOC0jdOt4F36IxGuGBrfRtxovR1LAZkWoolJRdd7xVF.4sS', '12345678942', '1234567891', 75, 3750, 'Olá! Sou Maria Julia, eletricista qualificada com mais de 8 anos iluminando, energizando e garantindo a segurança de ambientes variados. No universo da eletricidade, cada conexão, cada fio, tem sua importância e meu compromisso é garantir que tudo funcione harmoniosamente. Com um olhar técnico e atento, busco sempre oferecer soluções eficientes e seguras, seja em instalações novas, manutenções ou diagnósticos de problemas elétricos. Continuamente me atualizo sobre as inovações e melhores práticas do setor, visando sempre a excelência em meu trabalho. Se você procura uma eletricista comprometida, técnica e que prioriza a segurança acima de tudo, estou à sua disposição. Juntos, vamos garantir que a energia de seu espaço flua com perfeição!', 1, 2, 2, 'https://images.pexels.com/photos/1197132/pexels-photo-1197132.jpeg?auto=compress&cs=tinysrgb&w=1260&h=750&dpr=1',NULL,  2, 2, 3),
    (69, 'Maria Eduarda', 'maria.eduarda@email.com', '$2a$10$Pfz3ATcOC0jdOt4F36IxGuGBrfRtxovR1LAZkWoolJRdd7xVF.4sS', '12345678943', '1234567892', NULL, NULL, NULL, NULL, NULL, 2, NULL, NULL, 1, 3, NULL),
    (70, 'Maria Fernanda', 'maria.fernanda@email.com', '$2a$10$Pfz3ATcOC0jdOt4F36IxGuGBrfRtxovR1LAZkWoolJRdd7xVF.4sS', '12345678944', '1234567893', 65, 3250, 'Olá! Sou Maria Fernanda, marceneira artesã com mais de 12 anos de experiência, esculpindo sonhos e trazendo funcionalidade através da madeira. Para mim, cada pedaço de madeira é uma tela em branco, pronta para ser transformada em algo belo e útil. Meu trabalho é caracterizado pela atenção meticulosa aos detalhes, pela criatividade e pela paixão em entregar peças que não apenas atendam às necessidades, mas também encantem e inspirem. Seja um móvel sob medida, uma peça decorativa ou um projeto personalizado, meu compromisso é com a excelência e a satisfação total do cliente. Se você busca uma marceneira que combina habilidade, inovação e um toque pessoal em cada criação, estou à disposição para colaborar em seus projetos. Juntos, vamos dar vida e forma às suas ideias em madeira!', 0, 2, 2, 'https://images.pexels.com/photos/1181519/pexels-photo-1181519.jpeg?auto=compress&cs=tinysrgb&w=1260&h=750&dpr=1',NULL,  2, 0, 5),
    (71, 'Maria Humberto', 'maria.humberto@email.com', '$2a$10$Pfz3ATcOC0jdOt4F36IxGuGBrfRtxovR1LAZkWoolJRdd7xVF.4sS', '12345678945', '1234567894', NULL, NULL, NULL, NULL, NULL, 2, NULL, NULL, 1, 1, NULL),
    (72, 'Maria Carla', 'maria.carla@email.com', '$2a$10$Pfz3ATcOC0jdOt4F36IxGuGBrfRtxovR1LAZkWoolJRdd7xVF.4sS', '12345678946', '1234567895', 90, 4500, 'Olá! Sou Maria Carla, uma gesseira com mais de 9 anos de experiência, apaixonada por dar forma e sofisticação a ambientes através do gesso. Acredito que o gesso é um elemento essencial para transformar espaços em lugares únicos e elegantes. Minha abordagem combina habilidades técnicas sólidas, criatividade e um compromisso com a excelência. Trabalho em projetos que abrangem desde molduras ornamentais e sancas luminosas até divisórias e elementos decorativos personalizados. Sempre utilizo materiais de alta qualidade e técnicas modernas para garantir resultados impressionantes. Se você procura uma gesseira experiente, dedicada e que valoriza a estética e a funcionalidade, estou à disposição para dar forma aos seus projetos. Vamos juntos transformar seus ambientes com a beleza e a sofisticação do gesso!', 1, 1, 2, 'https://images.pexels.com/photos/1251832/pexels-photo-1251832.jpeg?auto=compress&cs=tinysrgb&w=1260&h=750&dpr=1',NULL,  2, 2, 7),
    (73, 'Maria Beatriz', 'maria.beatriz@email.com', '$2a$10$Pfz3ATcOC0jdOt4F36IxGuGBrfRtxovR1LAZkWoolJRdd7xVF.4sS', '12345678947', '1234567896', NULL, NULL, NULL, NULL, NULL, 2, NULL, NULL, 1, 3, NULL),
    (74, 'Maria Lima', 'maria.lima@email.com', '$2a$10$Pfz3ATcOC0jdOt4F36IxGuGBrfRtxovR1LAZkWoolJRdd7xVF.4sS', '12345678948', '1234567897', 70, 3500, 'Olá! Sou Maria Lima, pintora com mais de 9 anos de experiência, dedicada a transformar e revitalizar espaços através da arte das cores. Acredito que a pintura tem o poder de refletir sentimentos, criar atmosferas e renovar ambientes, tornando-os verdadeiras extensões da personalidade de seus habitantes. Com técnica refinada e um olho para as tendências atuais, busco sempre capturar e materializar a visão de meus clientes em cada projeto. Uso tintas de alta qualidade e me preocupo com cada detalhe, desde a preparação da superfície até o acabamento final. Se você busca uma pintora que une sensibilidade, técnica e compromisso com a excelência, estou à disposição para colorir seus sonhos e transformar seu espaço em uma obra-prima. Vamos juntos pintar histórias e memórias!', 0, 3, 2, 'https://images.pexels.com/photos/1181424/pexels-photo-1181424.jpeg?auto=compress&cs=tinysrgb&w=1260&h=750&dpr=1',NULL,  2, 0, 2),
    (75, 'Maria Fernandez', 'maria.fernandez@email.com', '$2a$10$Pfz3ATcOC0jdOt4F36IxGuGBrfRtxovR1LAZkWoolJRdd7xVF.4sS', '12345678949', '1234567898', NULL, NULL, NULL, NULL, NULL, 2, NULL, NULL, 1, 1, NULL),
    (76, 'Maria Plumus', 'maria.plumus@email.com', '$2a$10$Pfz3ATcOC0jdOt4F36IxGuGBrfRtxovR1LAZkWoolJRdd7xVF.4sS', '12345678950', '1234567899', 75, 3750, 'Olá! Sou Maria Plumus, encanadora especializada com mais de 10 anos de experiência, assegurando que os sistemas hidráulicos de residências e estabelecimentos funcionem com máxima eficiência. Entendo que um encanamento bem-feito é fundamental para o bem-estar e conforto de todos, e por isso, dedico-me a cada tarefa com rigor técnico e atenção aos detalhes. Seja na instalação de novos sistemas, manutenção ou resolução de vazamentos e problemas, meu objetivo é sempre oferecer soluções duráveis e de qualidade. Com equipamentos modernos e constante atualização nas melhores práticas, busco garantir a satisfação de meus clientes em cada projeto. Se você busca uma encanadora profissional, confiável e dedicada, estou à sua disposição. Juntos, garantiremos que a água em seu espaço flua corretamente e sem problemas!', 1, 1, 2, 'https://images.pexels.com/photos/718978/pexels-photo-718978.jpeg?auto=compress&cs=tinysrgb&w=1260&h=750&dpr=1',NULL,  2, 2, 4),
    (77, 'Maria Branca', 'maria.branca@email.com', '$2a$10$Pfz3ATcOC0jdOt4F36IxGuGBrfRtxovR1LAZkWoolJRdd7xVF.4sS', '12345678951', '1234567890', NULL, NULL, NULL, NULL, NULL, 2, NULL, NULL, 1, 1, NULL),
    (78, 'Maria Corvo', 'maria.corva@email.com', '$2a$10$Pfz3ATcOC0jdOt4F36IxGuGBrfRtxovR1LAZkWoolJRdd7xVF.4sS', '12345678952', '1234567891', 90, 4500, 'Olá! Sou Maria Corvo, marceneira de coração e ofício com mais de 11 anos de experiência, transformando madeira em peças que unem funcionalidade e estética. Cada projeto, para mim, é uma jornada onde a madeira ganha forma, função e personalidade. Com técnica apurada e um olhar artístico, busco entender e materializar os desejos e necessidades de meus clientes, seja em móveis planejados, restaurações ou peças decorativas. Valorizo a qualidade, a sustentabilidade e o acabamento em cada trabalho, assegurando que cada peça seja única e duradoura. Se você busca uma marceneira que combina habilidade técnica, criatividade e paixão pelo que faz, estou à disposição para dar vida aos seus projetos em madeira. Vamos juntos transformar ideias em realidade palpável e duradoura!', 1, 2, 2, 'https://images.pexels.com/photos/948873/pexels-photo-948873.jpeg?auto=compress&cs=tinysrgb&w=1260&h=750&dpr=1',NULL,  2, 2, 5),
    (79, 'Humberto Lopes', 'humberto.lopes@email.com', '$2a$10$Pfz3ATcOC0jdOt4F36IxGuGBrfRtxovR1LAZkWoolJRdd7xVF.4sS', '12345678953', '1234567892', NULL, NULL, NULL, NULL, NULL, 2, NULL, NULL, 1, 3, NULL),
    (80, 'Julio Fermo', 'julio.fermo@email.com', '$2a$10$Pfz3ATcOC0jdOt4F36IxGuGBrfRtxovR1LAZkWoolJRdd7xVF.4sS', '12345678954', '1234567893', 55, 2750, 'Olá! Sou Julio Fermo, gesseiro com uma carreira de mais de 8 anos, especializado em realçar e modificar ambientes através do gesso. Ao longo dos anos, descobri que o gesso, além de ser um material versátil, tem o poder de transformar espaços, criando atmosferas únicas e personalizadas. Cada projeto é um desafio que abordo com técnica, paixão e um olhar criativo. Seja para molduras, sancas, divisórias ou detalhes decorativos, busco sempre a perfeição e a satisfação total do cliente. Utilizo materiais de qualidade e técnicas modernas para garantir resultados duradouros e esteticamente impecáveis. Se você procura um gesseiro que combina expertise, dedicação e um toque artístico em cada trabalho, estou à sua disposição. Vamos juntos moldar e dar vida aos seus espaços com o encanto do gesso!', 1, 1, 2, 'https://images.pexels.com/photos/709188/pexels-photo-709188.jpeg?auto=compress&cs=tinysrgb&w=1260&h=750&dpr=1',NULL,  2, 0, 7),
    (81, 'Helena Rodrigues', 'helena.rodrigues@email.com', '$2a$10$Pfz3ATcOC0jdOt4F36IxGuGBrfRtxovR1LAZkWoolJRdd7xVF.4sS', '12345678955', '1234567894', NULL, NULL, NULL, NULL, NULL, 2, NULL, NULL, 1, 1, NULL),
    (82, 'Lara Santana', 'lara.santana@email.com', '$2a$10$Pfz3ATcOC0jdOt4F36IxGuGBrfRtxovR1LAZkWoolJRdd7xVF.4sS', '12345678956', '1234567895', 80, 4000, 'Olá! Sou Lara Santana, pintora com mais de 6 anos de experiência, dedicando-me à arte de trazer novas cores e atmosferas a diversos ambientes. A pintura, em minha visão, é uma forma de expressar sentimentos, criar identidades e transformar espaços, tornando-os mais acolhedores e alinhados à visão de seus habitantes. Com técnica apurada, sensibilidade e um olhar atento às tendências, busco capturar e concretizar as ideias e desejos de meus clientes. Utilizo materiais de alta qualidade, garantindo acabamentos duráveis e esteticamente impecáveis. Se você busca uma pintora que une paixão, técnica e criatividade em cada pincelada, estou à disposição para colorir seus projetos e dar vida nova aos seus ambientes. Vamos juntos criar cenários inspiradores e cheios de personalidade!', 1, 3, 2, 'https://images.pexels.com/photos/1090387/pexels-photo-1090387.jpeg?auto=compress&cs=tinysrgb&w=1260&h=750&dpr=1',NULL,  2, 2, 2),
    (83, 'Alice Ribeiro', 'alice.ribeiro@email.com', '$2a$10$Pfz3ATcOC0jdOt4F36IxGuGBrfRtxovR1LAZkWoolJRdd7xVF.4sS', '12345678957', '1234567896', NULL, NULL, NULL, NULL, NULL, 2, NULL, NULL, 1, 3, NULL),
    (84, 'Lívia Castro', 'livia.castro@email.com', '$2a$10$Pfz3ATcOC0jdOt4F36IxGuGBrfRtxovR1LAZkWoolJRdd7xVF.4sS', '12345678958', '1234567897', 70, 3500, 'Olá! Sou Lívia Castro, encanadora com mais de 8 anos de experiência, dedicada a garantir que os sistemas hidráulicos funcionem com perfeição e segurança. No universo da encanação, cada conexão, válvula e tubulação é crucial, e minha missão é assegurar que tudo esteja em harmonia, prevenindo problemas e garantindo eficiência. Seja em instalações novas, manutenções preventivas ou solução de vazamentos, meu foco é sempre na qualidade do serviço e na satisfação do cliente. Com equipamentos modernos e constante atualização nas técnicas mais recentes, ofereço soluções eficazes e duradouras. Se você procura uma encanadora comprometida, técnica e atenta aos detalhes, estou à sua disposição. Juntos, garantiremos que a água em seu espaço circule sem contratempos e com total eficiência!', 0, 1, 2, 'https://images.pexels.com/photos/428321/pexels-photo-428321.jpeg?auto=compress&cs=tinysrgb&w=1260&h=750&dpr=1',NULL,  2, 0, 4),
    (85, 'Samuel Antonelli', 'samuel.antonelli@email.com', '$2a$10$Pfz3ATcOC0jdOt4F36IxGuGBrfRtxovR1LAZkWoolJRdd7xVF.4sS', '12345678959', '1234567898', NULL, NULL, NULL, NULL, NULL, 2, NULL, NULL, 1, 1, NULL),
    (86, 'Gael Hermo', 'gael.hermo@email.com', '$2a$10$Pfz3ATcOC0jdOt4F36IxGuGBrfRtxovR1LAZkWoolJRdd7xVF.4sS', '12345678960', '1234567899', 75, 3750, 'Descrição 10', 0, 3, 2, 'https://images.pexels.com/photos/1998156/pexels-photo-1998156.jpeg?auto=compress&cs=tinysrgb&w=1260&h=750&dpr=1',NULL,  2, 2, 6),
    (87, 'Davi Stewart', 'davi.stewart@email.com', '$2a$10$Pfz3ATcOC0jdOt4F36IxGuGBrfRtxovR1LAZkWoolJRdd7xVF.4sS', '12345678961', '1234567890', NULL, NULL, NULL, NULL, NULL, 2, NULL, NULL, 1, 1, NULL),
    (88, 'Benicio Alencar', 'banecio.alencar@email.com', '$2a$10$Pfz3ATcOC0jdOt4F36IxGuGBrfRtxovR1LAZkWoolJRdd7xVF.4sS', '12345678962', '1234567891', 75, 3750, 'Olá! Sou Gael Hermo, montador com mais de 9 anos de experiência, dedicado a montar, ajustar e dar vida a móveis e estruturas variadas. A montagem, para mim, é como um quebra-cabeça, onde cada peça precisa se encaixar com precisão para criar algo funcional e esteticamente agradável. Seja um móvel planejado, um conjunto recém-comprado ou uma estrutura mais complexa, meu compromisso é com a qualidade, a segurança e a satisfação do cliente. Utilizo ferramentas de ponta e técnicas comprovadas para garantir que cada montagem seja realizada com maestria. Se você busca um montador que combina experiência, técnica e um olhar cuidadoso para os detalhes, estou à sua disposição. Vamos juntos transformar peças soltas em belas e práticas estruturas!', 1, 1, 2, 'https://images.pexels.com/photos/2379005/pexels-photo-2379005.jpeg?auto=compress&cs=tinysrgb&w=1260&h=750&dpr=1',NULL,  2, 2, 3),
    (89, 'Guilherme Diniz', 'guilherme.diniz@email.com', '$2a$10$Pfz3ATcOC0jdOt4F36IxGuGBrfRtxovR1LAZkWoolJRdd7xVF.4sS', '12345678963', '1234567892', NULL, NULL, NULL, NULL, NULL, 2, NULL, NULL, 1, 3, NULL),
    (90, 'Arthur Santos', 'arthur.santos@email.com', '$2a$10$Pfz3ATcOC0jdOt4F36IxGuGBrfRtxovR1LAZkWoolJRdd7xVF.4sS', '12345678964', '1234567893', 65, 3250, 'Olá! Sou Arthur Santos, marceneiro com mais de 13 anos de experiência, dedicado a transformar madeira em peças únicas que combinam funcionalidade, beleza e durabilidade. A marcenaria, para mim, é uma arte que une técnica, paixão e criatividade. Cada projeto é uma nova oportunidade de entender as necessidades e desejos do cliente e transformá-los em realidade. Seja um móvel sob medida, uma peça decorativa ou uma restauração detalhada, trato cada tarefa com dedicação e um compromisso profundo com a excelência. Utilizando madeiras de alta qualidade e ferramentas modernas, busco entregar trabalhos que superem expectativas e resistam ao teste do tempo. Se você busca um marceneiro que entende a alma da madeira e preza por um trabalho bem-feito, estou à disposição para dar vida aos seus projetos em madeira. Juntos, vamos criar peças que contam histórias e encantam.', 1, 3, 2, 'https://images.pexels.com/photos/1681010/pexels-photo-1681010.jpeg?auto=compress&cs=tinysrgb&w=1260&h=750&dpr=1',NULL,  2, 0, 5),
    (91, 'Arthur Medina', 'arthur.medina@email.com', '$2a$10$Pfz3ATcOC0jdOt4F36IxGuGBrfRtxovR1LAZkWoolJRdd7xVF.4sS', '12345678965', '1234567894', NULL, NULL, NULL, NULL, NULL, 2, NULL, NULL, 1, 1, NULL),
    (92, 'Heitor Lamberti', 'heitor.lamberti@email.com', '$2a$10$Pfz3ATcOC0jdOt4F36IxGuGBrfRtxovR1LAZkWoolJRdd7xVF.4sS', '12345678966', '1234567895', 90, 4500, 'Olá! Sou Heitor Lamberti, gesseiro com uma trajetória de mais de 8 anos, especializado em dar forma e estilo a ambientes através do gesso. Nesse ofício, cada detalhe, curva e acabamento tem sua importância, e meu objetivo é sempre extrair o melhor que esse material versátil pode oferecer. Seja em molduras sofisticadas, sancas luminosas, divisórias ou detalhes personalizados, minha abordagem combina técnica apurada, criatividade e um comprometimento com a perfeição. Utilizo materiais de primeira linha e me dedico a cada projeto como se fosse único, garantindo acabamentos que impressionam e valorizam o espaço. Se você busca um gesseiro que une habilidade, paixão e um olhar artístico, estou à sua disposição para transformar seus ambientes com a magia e a elegância do gesso. Vamos juntos criar espaços que encantam e inspiram!', 0, 1, 2, 'https://images.pexels.com/photos/1254502/pexels-photo-1254502.jpeg?auto=compress&cs=tinysrgb&w=1260&h=750&dpr=1',NULL,  2, 2, 7),
    (93, 'Josué Sanchez', 'josue.sanchez@email.com', '$2a$10$Pfz3ATcOC0jdOt4F36IxGuGBrfRtxovR1LAZkWoolJRdd7xVF.4sS', '12345678967', '1234567896', NULL, NULL, NULL, NULL, NULL, 2, NULL, NULL, 1, 3, NULL),
    (94, 'Isaque Hermans', 'isaque.hermans@email.com', '$2a$10$Pfz3ATcOC0jdOt4F36IxGuGBrfRtxovR1LAZkWoolJRdd7xVF.4sS', '12345678968', '1234567897', 70, 3500, 'Olá! Sou Isaque Hermans, pintor com mais de 7 anos de experiência, apaixonado pela arte de colorir e transformar ambientes. Acredito que uma boa pintura tem o poder de renovar, energizar e dar personalidade a qualquer espaço. Com técnica refinada e um olhar atento às nuances de cada projeto, busco sempre trazer à tona a visão e os sentimentos desejados pelo cliente. Seja em interiores sofisticados, fachadas imponentes ou murais artísticos, meu compromisso é com a qualidade, durabilidade e satisfação em cada pincelada. Utilizo tintas de alta qualidade e estou sempre atento às tendências e inovações do mundo da pintura. Se você busca um pintor que une talento, técnica e paixão, estou à disposição para dar cor e vida aos seus projetos. Juntos, vamos pintar histórias e transformar visões em realidade palpável!', 0, 2, 2, 'https://images.pexels.com/photos/905375/pexels-photo-905375.jpeg?auto=compress&cs=tinysrgb&w=1260&h=750&dpr=1',NULL,  2, 0, 2),
    (95, 'Paulo Medina', 'paulo.medina@email.com', '$2a$10$Pfz3ATcOC0jdOt4F36IxGuGBrfRtxovR1LAZkWoolJRdd7xVF.4sS', '12345678969', '1234567898', NULL, NULL, NULL, NULL, NULL, 2, NULL, NULL, 1, 1, NULL),
    (96, 'Elias Alonso', 'elias.alonso@email.com', '$2a$10$Pfz3ATcOC0jdOt4F36IxGuGBrfRtxovR1LAZkWoolJRdd7xVF.4sS', '12345678970', '1234567899', 75, 3750, 'Olá! Sou Elias Alonso, encanador com mais de 10 anos de experiência, especializado em garantir que sistemas hidráulicos operem de maneira eficiente e confiável. No complexo mundo da encanação, cada detalhe, conexão e solução têm seu valor, e meu papel é assegurar que tudo funcione harmoniosamente. Seja em novas instalações, reparos urgentes ou manutenções preventivas, minha abordagem é sempre técnica, meticulosa e focada no bem-estar do cliente. Com ferramentas modernas e um conhecimento profundo das melhores práticas do setor, busco oferecer serviços que não só resolvam problemas, mas também previnam futuras complicações. Se você está em busca de um encanador dedicado, experiente e que preza pela excelência em cada projeto, estou à sua disposição. Vamos juntos garantir que seus sistemas hidráulicos funcionem com perfeição!', 0, 1, 2, 'https://images.pexels.com/photos/936119/pexels-photo-936119.jpeg?auto=compress&cs=tinysrgb&w=1260&h=750&dpr=1',NULL,  2, 2, 4),
    (97, 'David Espinosa', 'david.espinosa@email.com', '$2a$10$Pfz3ATcOC0jdOt4F36IxGuGBrfRtxovR1LAZkWoolJRdd7xVF.4sS', '12345678971', '1234567890', NULL, NULL, NULL, NULL, NULL, 2, NULL, NULL, 1, 1, NULL),
    (98, 'Jonas Junior', 'jonas.iglesias@email.com', '$2a$10$Pfz3ATcOC0jdOt4F36IxGuGBrfRtxovR1LAZkWoolJRdd7xVF.4sS', '12345678972', '1234567891', 75, 3750, 'Olá! Sou Jonas Junior, eletricista com mais de 9 anos de experiência, dedicado a iluminar e energizar espaços com segurança e eficiência. Em um mundo cada vez mais dependente da energia elétrica, reconheço a importância de um trabalho bem executado, que garante o funcionamento ideal de equipamentos e a segurança de todos. Seja em instalações residenciais, comerciais ou industriais, abordo cada projeto com técnica, atenção aos detalhes e comprometimento. Utilizo ferramentas e equipamentos de ponta e estou sempre atualizado sobre as normas e inovações do setor elétrico. Se você procura um eletricista que combina experiência prática, conhecimento técnico e um compromisso genuíno com a satisfação do cliente, estou à sua disposição. Juntos, vamos garantir que a energia em seu espaço seja conduzida com precisão e segurança!', 1, 1, 2, 'https://images.pexels.com/photos/733500/pexels-photo-733500.jpeg?auto=compress&cs=tinysrgb&w=1260&h=750&dpr=1',NULL,  2, 2, 3),
    (99, 'Lucas Wong', 'lucas.wong@email.com', '$2a$10$Pfz3ATcOC0jdOt4F36IxGuGBrfRtxovR1LAZkWoolJRdd7xVF.4sS', '12345678973', '1234567892', NULL, NULL, NULL, NULL, NULL, 2, NULL, NULL, 1, 3, NULL),
    (100, 'Thiago Loyola', 'thiago.loyola@email.com', '$2a$10$Pfz3ATcOC0jdOt4F36IxGuGBrfRtxovR1LAZkWoolJRdd7xVF.4sS', '12345678974', '1234567893', 65, 3250, 'Olá! Sou Thiago Loyola, marceneiro com mais de 14 anos de experiência, transformando sonhos em realidade através da arte da marcenaria. Cada pedaço de madeira, para mim, é uma oportunidade de criar algo único, duradouro e que atenda perfeitamente às necessidades e desejos de meus clientes. Seja um móvel sob medida, uma restauração delicada ou uma peça decorativa, abordo cada projeto com paixão, técnica e um olhar atento aos detalhes. Utilizo madeiras de alta qualidade, ferramentas modernas e técnicas tradicionais, garantindo assim peças que são não apenas belas, mas também funcionais e duráveis. Se você procura um marceneiro que une habilidade, criatividade e um profundo respeito pela madeira, estou à sua disposição para dar vida aos seus projetos. Juntos, vamos criar peças que contam histórias e trazem personalidade a qualquer espaço!', 1, 1, 2, 'https://images.pexels.com/photos/1212984/pexels-photo-1212984.jpeg?auto=compress&cs=tinysrgb&w=1260&h=750&dpr=1',NULL,  2, 0, 5),
    (101, 'Tiago Baumann', 'tiago.baumann@email.com', '$2a$10$Pfz3ATcOC0jdOt4F36IxGuGBrfRtxovR1LAZkWoolJRdd7xVF.4sS', '12345678975', '1234567894', NULL, NULL, NULL, NULL, NULL, 2, NULL, NULL, 1, 0 , NULL),
    (102, 'Danilo Matheus', 'danilo.matheus@email.com', '$2a$10$Pfz3ATcOC0jdOt4F36IxGuGBrfRtxovR1LAZkWoolJRdd7xVF.4sS', '12345678976', '1234567895', 90, 4500, 'Olá! Sou Danilo Matheus, um montador de móveis experiente com mais de 7 anos de prática. Minha paixão é transformar a montagem de móveis em um processo tranquilo e sem complicações para os clientes. Com habilidades técnicas sólidas, ferramentas de alta qualidade e uma atenção meticulosa aos detalhes, garanto montagens precisas e seguras. Estou comprometido em fornecer um serviço de alta qualidade, pontualidade e um atendimento amigável. Se você busca um montador de móveis confiável e experiente, estou à disposição para tornar seus móveis prontos para uso de forma eficiente e profissional.', 1, 3, 2, 'https://images.pexels.com/photos/977796/pexels-photo-977796.jpeg?auto=compress&cs=tinysrgb&w=1260&h=750&dpr=1',NULL,  2, 2, 6),
    (103, 'Daniel Brigadeiro', 'daniel.brigadeiro@email.com', '$2a$10$Pfz3ATcOC0jdOt4F36IxGuGBrfRtxovR1LAZkWoolJRdd7xVF.4sS', '12345678977', '1234567896', NULL, NULL, NULL, NULL, NULL, 2, NULL, NULL, 1, 3, NULL),
    (104, 'Ezequiel Zhang', 'ezequiel.zhanf@email.com', '$2a$10$Pfz3ATcOC0jdOt4F36IxGuGBrfRtxovR1LAZkWoolJRdd7xVF.4sS', '12345678978', '1234567897', 70, 3500, 'Olá! Sou Ezequiel Zhang, um pintor com mais de 8 anos de experiência, apaixonado por dar vida a espaços através da arte das cores. Cada projeto de pintura é uma tela em branco para mim, uma oportunidade de criar atmosferas únicas e expressivas. Minha abordagem combina técnica refinada, sensibilidade artística e um olhar atento aos detalhes. Trabalho com uma variedade de técnicas e estilos, desde pinturas internas e externas até murais artísticos, sempre priorizando a qualidade, durabilidade e a satisfação do cliente. Utilizo tintas de alta qualidade e estou constantemente atualizado com as tendências e inovações no mundo da pintura. Se você procura um pintor que une paixão, talento e compromisso com a excelência, estou à disposição para transformar suas ideias em obras de arte visíveis em suas paredes. Juntos, vamos colorir sua vida e tornar seus espaços verdadeiramente cativantes!', 0, 3, 2, 'https://images.pexels.com/photos/1205033/pexels-photo-1205033.jpeg?auto=compress&cs=tinysrgb&w=1260&h=750&dpr=1',NULL,  2, 0, 2),
    (105, 'Saulo Miguel', 'saulo.ivanov@email.com', '$2a$10$Pfz3ATcOC0jdOt4F36IxGuGBrfRtxovR1LAZkWoolJRdd7xVF.4sS', '12345678979', '1234567898', NULL, NULL, NULL, NULL, NULL, 2, NULL, NULL, 1, 1, NULL),
    (106, 'Abner Kimura', 'abner.miguel@email.com', '$2a$10$Pfz3ATcOC0jdOt4F36IxGuGBrfRtxovR1LAZkWoolJRdd7xVF.4sS', '12345678980', '1234567899', 75, 3750, 'Olá! Sou Abner Kimura, um encanador com mais de 9 anos de experiência, dedicado a garantir que os sistemas hidráulicos funcionem de forma eficiente e confiável. No mundo complexo da encanação, acredito que a precisão e a atenção aos detalhes são essenciais. Meu objetivo é proporcionar soluções hidráulicas de alta qualidade para residências e estabelecimentos comerciais. Realizo desde instalações novas e manutenções até a resolução de vazamentos e problemas de encanamento. Trabalho com ferramentas modernas e técnicas atualizadas para garantir a qualidade e a satisfação do cliente em cada projeto. Se você busca um encanador experiente, comprometido e que prioriza o bom funcionamento de sistemas hidráulicos, estou à disposição para ajudar. Juntos, garantiremos que a água flua de forma eficaz em seu espaço!', 0, 1, 2, 'https://images.pexels.com/photos/819530/pexels-photo-819530.jpeg?auto=compress&cs=tinysrgb&w=1260&h=750&dpr=1',NULL,  2, 2, 4),
    (107, 'Roberto Silva', 'roberto.johnson@email.com', '$2a$10$Pfz3ATcOC0jdOt4F36IxGuGBrfRtxovR1LAZkWoolJRdd7xVF.4sS', '12345678981', '1234567890', NULL, NULL, NULL, NULL, NULL, 2, NULL, NULL, 1, 1, NULL),
    (108, 'Ismael Junior', 'ismael.junior@email.com', '$2a$10$Pfz3ATcOC0jdOt4F36IxGuGBrfRtxovR1LAZkWoolJRdd7xVF.4sS', '12345678982', '1234567891', 75, 3750, 'Olá! Sou Ismael Junior, eletricista com mais de 10 anos de experiência, dedicado a iluminar e eletrificar espaços com segurança e eficiência. No mundo da eletricidade, compreendo a importância de um trabalho bem executado, garantindo o funcionamento ideal dos sistemas elétricos e a segurança de todos. Realizo desde instalações elétricas residenciais até projetos comerciais e industriais. Minha abordagem é técnica, minuciosa e focada na qualidade e na satisfação do cliente. Utilizo ferramentas de última geração e mantenho-me atualizado com as normas e tecnologias mais recentes do setor elétrico. Se você procura um eletricista experiente, comprometido e que prioriza a segurança e eficiência, estou à disposição para ajudar. Juntos, garantiremos que a energia em seu espaço flua com perfeição e confiabilidade!', 0, 2, 2, 'https://images.pexels.com/photos/25758/pexels-photo.jpg?auto=compress&cs=tinysrgb&w=1260&h=750&dpr=1',NULL,  2, 2, 3),
    (109, 'Luiz Davis', 'luiz.davis@email.com', '$2a$10$Pfz3ATcOC0jdOt4F36IxGuGBrfRtxovR1LAZkWoolJRdd7xVF.4sS', '12345678983', '1234567892', NULL, NULL, NULL, NULL, NULL, 2, NULL, NULL, 1, 3, NULL),
    (110, 'Lucas Miller', 'lucas.miller@email.com', '$2a$10$Pfz3ATcOC0jdOt4F36IxGuGBrfRtxovR1LAZkWoolJRdd7xVF.4sS', '12345678984', '1234567893', 65, 3250, 'Olá! Sou Lucas Miller, um marceneiro com mais de 12 anos de experiência, dedicado a transformar a madeira em peças funcionais e artísticas. Cada projeto é uma oportunidade de criar algo único, seja um móvel sob medida, uma restauração de peças antigas ou elementos decorativos personalizados. Minha abordagem combina habilidades técnicas sólidas, criatividade e um olhar atento aos detalhes. Utilizo madeiras de alta qualidade, ferramentas de precisão e técnicas tradicionais para garantir que cada peça seja não apenas bela, mas também durável e funcional. Se você busca um marceneiro que valoriza a arte da marcenaria, estou à disposição para dar vida às suas ideias e necessidades em madeira. Vamos trabalhar juntos para criar peças que reflitam sua personalidade e transformem seu espaço em algo especial!', 0, 1, 2, 'https://images.pexels.com/photos/735551/pexels-photo-735551.jpeg?auto=compress&cs=tinysrgb&w=1260&h=750&dpr=1',NULL,  2, 0, 5),
    (111, 'Douglas Silva', 'dougles.silva@email.com', '$2a$10$Pfz3ATcOC0jdOt4F36IxGuGBrfRtxovR1LAZkWoolJRdd7xVF.4sS', '12345678985', '1234567894', NULL, NULL, NULL, NULL, NULL, 2, NULL, NULL, 1, 1, NULL),
    (112, 'Augusto Madeira', 'augusto.madeira@email.com', '$2a$10$Pfz3ATcOC0jdOt4F36IxGuGBrfRtxovR1LAZkWoolJRdd7xVF.4sS', '12345678986', '1234567895', 90, 4500, 'Olá! Sou Augusto Madeira, um gesseiro com mais de 10 anos de experiência, especializado em transformar e embelezar ambientes com a versatilidade e elegância do gesso. Acredito que o gesso é uma das ferramentas mais poderosas para criar detalhes sofisticados e únicos em espaços residenciais e comerciais. Minha abordagem combina precisão técnica, criatividade e um compromisso inabalável com a qualidade. Trabalho em uma variedade de projetos, desde molduras clássicas e sancas elegantes até divisórias modernas e elementos decorativos personalizados. Sempre utilizo materiais de alta qualidade e técnicas avançadas para garantir resultados excepcionais. Se você está em busca de um gesseiro experiente, dedicado e que transforma ideias em realidade, estou à sua disposição. Vamos juntos moldar seus ambientes com a beleza e a sofisticação do gesso!', 1, 2, 2, 'https://images.pexels.com/photos/713520/pexels-photo-713520.jpeg?auto=compress&cs=tinysrgb&w=1260&h=750&dpr=1',NULL,  2, 2, 7),
    (113, 'Mario James', 'mario.james@email.com', '$2a$10$Pfz3ATcOC0jdOt4F36IxGuGBrfRtxovR1LAZkWoolJRdd7xVF.4sS', '12345678987', '1234567896', NULL, NULL, NULL, NULL, NULL, 2, NULL, NULL, 1, 3, NULL),
    (114, 'Thomas Lima', 'thomas.lima@email.com', '$2a$10$Pfz3ATcOC0jdOt4F36IxGuGBrfRtxovR1LAZkWoolJRdd7xVF.4sS', '12345678988', '1234567897', 70, 3500, 'Olá! Sou Thomas Lima, um pintor com mais de 8 anos de experiência, apaixonado por dar vida e personalidade a espaços através das cores e da arte da pintura. Acredito que as paredes podem contar histórias, criar atmosferas e inspirar emoções. Minha abordagem combina técnica refinada, sensibilidade artística e um olhar atento às tendências e detalhes de cada projeto. Trabalho com diversos estilos e técnicas, desde pinturas internas e externas até murais artísticos personalizados. Sempre priorizo a qualidade, durabilidade e a satisfação do cliente em cada pincelada. Utilizo tintas de alta qualidade e me mantenho atualizado com as inovações no mundo da pintura. Se você procura um pintor que transforma ideias em obras de arte visíveis em suas paredes, estou à disposição para colorir sua vida e seus espaços de forma única e cativante!', 1, 3, 2,'https://images.pexels.com/photos/2770600/pexels-photo-2770600.jpeg?auto=compress&cs=tinysrgb&w=1260&h=750&dpr=1', NULL,  2, 0, 2),
    (115, 'Julio Verne', 'julio.verne@email.com', '$2a$10$Pfz3ATcOC0jdOt4F36IxGuGBrfRtxovR1LAZkWoolJRdd7xVF.4sS', '12345678989', '1234567898', NULL, NULL, NULL, NULL, NULL, 2, NULL, NULL, 1, 1, NULL),
    (116, 'Gustavo Ferreira', 'gustavo.ferreira@email.com', '$2a$10$Pfz3ATcOC0jdOt4F36IxGuGBrfRtxovR1LAZkWoolJRdd7xVF.4sS', '12345678990', '1234567899', 75, 3750, 'Olá! Sou Gustavo Ferreira, um encanador com mais de 9 anos de experiência, comprometido em assegurar que sistemas hidráulicos funcionem de forma eficiente e confiável. No mundo da encanação, cada conexão e tubulação desempenham um papel crucial, e meu objetivo é garantir que tudo esteja perfeitamente alinhado para garantir o pleno funcionamento e a segurança. Realizo desde instalações novas até manutenções e reparos, sempre com atenção meticulosa aos detalhes e qualidade do serviço. Utilizo ferramentas modernas e técnicas atualizadas para garantir soluções eficazes e duradouras. Se você está em busca de um encanador experiente, comprometido e que prioriza a excelência em cada projeto, estou à sua disposição para garantir que a água em seu espaço flua sem problemas e com total confiabilidade!', 1, 3, 2, 'https://images.pexels.com/photos/3863793/pexels-photo-3863793.jpeg?auto=compress&cs=tinysrgb&w=1260&h=750&dpr=1',NULL,  2, 2, 4),
    (117, 'Eric Pleno', 'eric.pleno@email.com', '$2a$10$Pfz3ATcOC0jdOt4F36IxGuGBrfRtxovR1LAZkWoolJRdd7xVF.4sS', '12345678991', '1234567890', NULL, NULL, NULL, NULL, NULL, 2, NULL, NULL, 1, 1, NULL),
    (118, 'José Verde', 'jose.verde@email.com', '$2a$10$Pfz3ATcOC0jdOt4F36IxGuGBrfRtxovR1LAZkWoolJRdd7xVF.4sS', '12345678992', '1234567891', 75, 3750, 'Olá! Sou José Verde, um eletricista com mais de 12 anos de experiência, dedicado a iluminar e eletrificar espaços com segurança e eficiência. Compreendo a importância crítica da eletricidade em nossas vidas e meu compromisso é garantir que sistemas elétricos operem de forma confiável. Realizo desde instalações elétricas residenciais até projetos comerciais e industriais, sempre com foco na qualidade e segurança. Utilizo ferramentas de última geração e estou atualizado com as normas e tecnologias mais recentes do setor elétrico. Se você busca um eletricista experiente, comprometido e que prioriza a segurança e eficiência em cada projeto, estou à sua disposição. Vamos juntos garantir que a energia em seu espaço flua de forma confiável e segura!', 1, 3, 2, 'https://images.pexels.com/photos/450214/pexels-photo-450214.jpeg?auto=compress&cs=tinysrgb&w=1260&h=750&dpr=1',NULL,  2, 2, 3),
    (119, 'Pedro Monte', 'pedro.monte@email.com', '$2a$10$Pfz3ATcOC0jdOt4F36IxGuGBrfRtxovR1LAZkWoolJRdd7xVF.4sS', '12345678993', '1234567892', NULL, NULL, NULL, NULL, NULL, 2, NULL, NULL, 1, 3, NULL),
    (120, 'Felipe Carmo', 'felipe.carmo@email.com', '$2a$10$Pfz3ATcOC0jdOt4F36IxGuGBrfRtxovR1LAZkWoolJRdd7xVF.4sS', '12345678994', '1234567893', 65, 3250, 'Olá! Sou Felipe Carmo, um marceneiro apaixonado pela arte de transformar a madeira em peças funcionais e belas. Com mais de 10 anos de experiência, cada projeto é uma oportunidade de criar algo único, seja um móvel personalizado, uma restauração de peças antigas ou elementos decorativos exclusivos. Minha abordagem une habilidades técnicas sólidas, criatividade e uma profunda atenção aos detalhes. Utilizo madeiras de alta qualidade, ferramentas de precisão e técnicas artesanais para garantir que cada peça seja não apenas esteticamente atraente, mas também funcional e durável. Se você procura um marceneiro comprometido em dar vida às suas ideias em madeira, estou à sua disposição. Vamos trabalhar juntos para criar peças que reflitam sua personalidade e transformem seu espaço em algo especial!', 1, 3, 2, 'https://images.pexels.com/photos/428333/pexels-photo-428333.jpeg?auto=compress&cs=tinysrgb&w=1600',NULL,  2, 0, 5),
    (121, 'Andre Carpa', 'andre.carpa@email.com', '$2a$10$Pfz3ATcOC0jdOt4F36IxGuGBrfRtxovR1LAZkWoolJRdd7xVF.4sS', '12345678995', '1234567894', NULL, NULL, NULL, NULL, NULL, 2, NULL, NULL, 1, 1, NULL),
    (122, 'Carlos Base', 'carlos.base@email.com', '$2a$10$Pfz3ATcOC0jdOt4F36IxGuGBrfRtxovR1LAZkWoolJRdd7xVF.4sS', '12345678996', '1234567895', 90, 4500, 'Olá! Sou Carlos Base, um gesseiro com mais de 8 anos de experiência, especializado em dar forma e elegância a ambientes através do gesso. Acredito que o gesso é uma ferramenta versátil que pode transformar espaços de maneira sofisticada. Minha abordagem combina habilidades técnicas sólidas, criatividade e um compromisso com a qualidade. Trabalho em projetos que variam de molduras e sancas a divisórias e detalhes decorativos personalizados. Sempre utilizo materiais de alta qualidade e técnicas modernas para garantir resultados excepcionais. Se você busca um gesseiro experiente, dedicado e que prioriza a estética e a funcionalidade, estou à disposição para dar forma aos seus projetos. Vamos juntos transformar seus ambientes com a beleza e a elegância do gesso!', 0, 3, 2, 'https://images.pexels.com/photos/1040881/pexels-photo-1040881.jpeg?auto=compress&cs=tinysrgb&w=1260&h=750&dpr=1',NULL,  2, 2, 7),
    (123, 'Breno Cano', 'breno.Cano@email.com', '$2a$10$Pfz3ATcOC0jdOt4F36IxGuGBrfRtxovR1LAZkWoolJRdd7xVF.4sS', '12345678997', '1234567896', NULL, NULL, NULL, NULL, NULL, 2, NULL, NULL, 1, 3, NULL),
    (124, 'Eduardo Harry', 'eduardo.harry@email.com', '$2a$10$Pfz3ATcOC0jdOt4F36IxGuGBrfRtxovR1LAZkWoolJRdd7xVF.4sS', '12345678998', '1234567897', 70, 3500, 'Olá! Sou Eduardo Harry, um pintor com mais de 10 anos de experiência, apaixonado por transformar ambientes através da arte da pintura. Cada projeto é uma tela em branco para mim, uma oportunidade de criar atmosferas únicas e expressivas. Minha abordagem combina técnica refinada, sensibilidade artística e um olhar atento aos detalhes. Trabalho com uma variedade de estilos e técnicas, desde pinturas internas e externas até murais artísticos personalizados. Sempre priorizo a qualidade, durabilidade e a satisfação do cliente em cada pincelada. Utilizo tintas de alta qualidade e me mantenho atualizado com as tendências e inovações no mundo da pintura. Se você procura um pintor que transforma ideias em obras de arte visíveis em suas paredes, estou à disposição para colorir sua vida e seus espaços de forma única e cativante!', 1, 2, 2,'https://images.pexels.com/photos/1277631/pexels-photo-1277631.jpeg?auto=compress&cs=tinysrgb&w=1260&h=750&dpr=1', NULL,  2, 0, 2),
    (125, 'Danilo Bellini', 'danilo.bellini@email.com', '$2a$10$Pfz3ATcOC0jdOt4F36IxGuGBrfRtxovR1LAZkWoolJRdd7xVF.4sS', '12345678999', '1234567898', NULL, NULL, NULL, NULL, NULL, 2, NULL, NULL, 1, 1, NULL),
    (126, 'Henrique Figueira', 'henrique.figueira@email.com', '$2a$10$Pfz3ATcOC0jdOt4F36IxGuGBrfRtxovR1LAZkWoolJRdd7xVF.4sS', '12345678910', '1234567899', 70, 3750, 'Olá! Sou Henrique Figueira, um encanador com mais de 10 anos de experiência, comprometido em garantir que sistemas hidráulicos funcionem de forma eficiente e segura. No mundo complexo da encanação, cada conexão e tubulação desempenham um papel crucial, e minha missão é assegurar que tudo esteja perfeitamente alinhado. Realizo desde instalações novas até manutenções e reparos, sempre com foco na qualidade e na satisfação do cliente. Utilizo ferramentas modernas e técnicas atualizadas para garantir soluções eficazes e duradouras. Se você procura um encanador experiente, comprometido e que prioriza a excelência em cada projeto, estou à sua disposição para garantir que a água em seu espaço flua sem problemas e com total confiabilidade!', 0, 1, 2, 'https://images.pexels.com/photos/1486064/pexels-photo-1486064.jpeg?auto=compress&cs=tinysrgb&w=1600',NULL,  2, 2, 4),

    (127, 'Julio Guilherme', 'julio.guilherme@email.com', '$2a$10$Pfz3ATcOC0jdOt4F36IxGuGBrfRtxovR1LAZkWoolJRdd7xVF.4sS', '12345678910', '1234567899', 1000, 3550, '', 0, NULL, 1, '',NULL,  2, 2, 4),
    (128, 'Frederico Paiva', 'frederico.paiva@email.com', '$2a$10$Pfz3ATcOC0jdOt4F36IxGuGBrfRtxovR1LAZkWoolJRdd7xVF.4sS', '12345678910', '1234567899', 2000, 2750, '', 1, NULL, 1, '',NULL,  2, 1, 5),
    (129, 'Fernando Augusto', 'fernando.augusto@email.com', '$2a$10$Pfz3ATcOC0jdOt4F36IxGuGBrfRtxovR1LAZkWoolJRdd7xVF.4sS', '12345678910', '1234567899', 70, 750, '', 0, NULL, 1, '',NULL,  2, 3, 6),
    (130, 'Hugo Ferreira', 'hugo.ferreira@email.com', '$2a$10$Pfz3ATcOC0jdOt4F36IxGuGBrfRtxovR1LAZkWoolJRdd7xVF.4sS', '12345678910', '1234567899', 700, 750, '', 1, NULL, 1, '',NULL,  2, 1, 7),
    (131, 'Guilherme Peixoto', 'guilherme.peixoto@email.com', '$2a$10$Pfz3ATcOC0jdOt4F36IxGuGBrfRtxovR1LAZkWoolJRdd7xVF.4sS', '12345678910', '1234567899', 800, 2150, '', 0, NULL, 1, '',NULL,  2, 2, 1),
    (132, 'Fernanda Silva', 'fernanda.silva@email.com', '$2a$10$Pfz3ATcOC0jdOt4F36IxGuGBrfRtxovR1LAZkWoolJRdd7xVF.4sS', '12345678910', '1234567899', 900, 1950, '', 1, NULL, 1, '',NULL,  2, 3, 2),
    (133, 'Flavia Pimenta', 'flavia.pimenta@email.com', '$2a$10$Pfz3ATcOC0jdOt4F36IxGuGBrfRtxovR1LAZkWoolJRdd7xVF.4sS', '12345678910', '1234567899', 1000, 2000, '', 0, NULL, 1, '',NULL,  2, 1, 3),
    (134, 'Gustavo Barbosa', 'gustavo.barbosa@email.com', '$2a$10$Pfz3ATcOC0jdOt4F36IxGuGBrfRtxovR1LAZkWoolJRdd7xVF.4sS', '12345678910', '1234567899', 700, 1000, '', 1, NULL, 1, '',NULL,  2, 2, 4),
    (135, 'Pedro Abe', 'pedro.abe@email.com', '$2a$10$Pfz3ATcOC0jdOt4F36IxGuGBrfRtxovR1LAZkWoolJRdd7xVF.4sS', '12345678910', '1234567899', 50, 150, '', 0, NULL, 1, '',NULL,  2, 3, 5),
    (136, 'Vitor Holler', 'vitor.holler@email.com', '$2a$10$Pfz3ATcOC0jdOt4F36IxGuGBrfRtxovR1LAZkWoolJRdd7xVF.4sS', '12345678910', '1234567899', 1200, 3200, '', 1, NULL, 1, '',NULL,  2, 2, 6),

    (137, 'Paulo Plinio', 'paulo.plinio@gmail.com', '$2a$10$Pfz3ATcOC0jdOt4F36IxGuGBrfRtxovR1LAZkWoolJRdd7xVF.4sS', '12345678999', '1234567898', NULL, NULL, NULL, NULL, NULL, 2, NULL, NULL, 1, 1, NULL),

    (138, 'ManuallAdm', 'manuall.services@outlook.com', '$2a$10$Pfz3ATcOC0jdOt4F36IxGuGBrfRtxovR1LAZkWoolJRdd7xVF.4sS', null, null, null, null, null, null, null, 2, null, null, 3, null, null);


INSERT INTO dados_endereco
(estado, cidade, cep, bairro, rua, numero, complemento, usuario_id)
VALUES
('SP', 'São Bernardo', '31015170', 'São Pedro', 'Avenida do Contorno', '789', 'Sala 502', 1),
('SP', 'Guarulhos', '22041001', 'Copacabana', 'Avenida Atlântica', '1500', 'Apto 501', 2),
('SP', 'Guarulhos', '22041001', 'Copacabana', 'Avenida Atlântica', '1500', 'Apto 501', 3),
('SP', 'São Bernardo do Campo', '40140110', 'Barra', 'Avenida Oceânica', '500', null, 4),
('SP', 'Santo André', '88036250', 'Centro', 'Rua Felipe Schmidt', '800', 'Sala 301', 5),
('SP', 'São José dos Campos', '90010140', 'Centro Histórico', 'Rua dos Andradas', '1234', 'Apto 1001', 6),
('SP', 'São Paulo', '04545000', 'Itaim Bibi', 'Rua João Cachoeira', '789', 'Conjunto 502', 7),
('SP', 'Ribeirão Preto', '22231100', 'Botafogo', 'Rua Voluntários da Pátria', '123', 'Apto 301', 8),
('SP', 'Osasco', '30240180', 'Santa Efigênia', 'Rua dos Timbiras', '456', 'Sala 101', 9),
('SP', 'Sorocaba', '41740330', 'Stiep', 'Avenida Tancredo Neves', '789', null, 10),
('SP', 'Mauá', '88036110', 'Trindade', 'Rua Lauro Linhares', '987', 'Apto 601', 11),
('SP', 'São José do Rio Preto', '90430060', 'Moinhos de Vento', 'Rua Padre Chagas', '321', null, 12),
('SP', 'Mogi das Cruzes', '04004003', 'Vila Mariana', 'Avenida Paulista', '999', 'Conjunto 1503', 13),
('SP', 'Santos', '22260101', 'Leblon', 'Avenida Ataulfo de Paiva', '456', 'Sala 201', 14),
('SP', 'Diadema', '30330040', 'Santo Antônio', 'Rua Sergipe', '789', null, 15),
('SP', 'Bauru', '40290440', 'Rio Vermelho', 'Avenida Oceânica', '123', 'Apto 401', 16),
('SP', 'Taubaté', '88034400', 'Lagoa da Conceição', 'Rua das Rendeiras', '456', 'Loja 10', 17),
('SP', 'Guarujá', '90430130', 'Auxiliadora', 'Rua Marquês do Pombal', '321', 'Sala 501', 18),
('SP', 'Suzano', '05676000', 'Morumbi', 'Avenida Giovanni Gronchi', '9999', 'Conjunto 2004', 19),
('SP', 'Rio de Janeiro', '22640100', 'Ipanema', 'Rua Visconde de Pirajá', '456', 'Apto 901', 20),
('SP', 'Limeira', '41770180', 'Pituba', 'Rua das Rosas', '123', null, 21),
('SP', 'Campinas', '30110070', 'Savassi', 'Rua Pernambuco', '1000', 'Sala 202', 22),
('SP', 'Barueri', '06454000', 'Alphaville', 'Alameda Rio Negro', '1030', 'Sala 1002', 23),
('SP', 'Jundiaí', '13201054', 'Centro', 'Rua Barão de Jundiaí', '1520', null, 24),
('SP', 'Itapevi', '06690000', 'Centro', 'Rua Presidente Vargas', '587', 'Apto 103', 25),
('SP', 'Itaquaquecetuba', '08570000', 'Estação', 'Rua das Orquídeas', '987', null, 26),
('SP', 'Piracicaba', '13400240', 'Centro', 'Rua Governador', '321', 'Sala 1201', 27),
('SP', 'Piracicaba', '13400240', 'Centro', 'Rua Governador', '321', 'Sala 1201', 28),
('SP', 'Piracicaba', '13400240', 'Centro', 'Rua Governador', '321', 'Sala 1201', 29),
    ('SP', 'São Paulo', '04500-123', 'Bela Vista', 'Rua das Palmeiras', '456', 'Apto 302', 30),
    ('SP', 'Campinas', '13045-678', 'Jardim Primavera', 'Avenida das Flores', '123', NULL, 31),
    ('SP', 'São Paulo', '03012-567', 'Vila das Árvores', 'Rua das Violetas', '789', 'Fundos', 32),
    ('SP', 'São Paulo', '04500-234', 'Centro', 'Rua Principal', '234', 'Apto 202', 33),
    ('SP', 'Campinas', '13045-789', 'Jardim das Flores', 'Avenida das Margaridas', '567', NULL, 34),
    ('SP', 'São Paulo', '03012-678', 'Vila Nova', 'Rua das Rosas', '890', 'Casa dos Fundos', 35),
    ('SP', 'Santo André', '09000-123', 'Vila Feliz', 'Rua das Estrelas', '321', NULL, 36),
    ('SP', 'São Paulo', '04500-567', 'Vila das Árvores', 'Rua das Tulipas', '123', 'Bloco B, 5º Andar', 37),
    ('SP', 'São Bernardo do Campo', '09876-543', 'Jardim das Palmeiras', 'Avenida das Árvores', '456', NULL, 38),
    ('SP', 'São Paulo', '03012-987', 'Vila Primavera', 'Rua das Violetas', '789', 'Casa da Frente', 39),
    ('SP', 'São Paulo', '04500-890', 'Vila Feliz', 'Avenida das Estrelas', '890', 'Apto 101', 40),
    ('SP', 'Santo André', '09000-456', 'Centro', 'Rua Principal', '456', NULL, 41),
    ('SP', 'Campinas', '13045-234', 'Vila Nova', 'Avenida das Rosas', '234', 'Apto 303', 42),
    ('SP', 'São Paulo', '03012-890', 'Jardim das Flores', 'Rua das Margaridas', '123', NULL, 43),
    ('SP', 'São Bernardo do Campo', '09876-234', 'Vila Primavera', 'Rua das Tulipas', '567', 'Casa dos Fundos', 44),
    ('SP', 'São Paulo', '04500-123', 'Centro', 'Avenida das Palmeiras', '456', NULL, 45),
    ('SP', 'Campinas', '13045-678', 'Vila das Estrelas', 'Rua das Rosas', '123', 'Apto 202', 46),
    ('SP', 'São Paulo', '03012-567', 'Jardim Feliz', 'Avenida das Violetas', '234', 'Casa dos Fundos', 47),
    ('SP', 'Santo André', '09000-123', 'Vila das Flores', 'Rua das Árvores', '789', NULL, 48),
    ('SP', 'São Paulo', '04500-567', 'Centro', 'Rua das Margaridas', '567', 'Apto 101', 49),
    ('SP', 'Campinas', '13045-234', 'Jardim das Tulipas', 'Avenida das Estrelas', '234', 'Casa dos Fundos', 50),
    ('SP', 'São Paulo', '03012-890', 'Vila Feliz', 'Rua das Rosas', '890', 'Bloco C, 7º Andar', 51),
    ('SP', 'São Bernardo do Campo', '09876-890', 'Vila das Rosas', 'Rua Principal', '890', NULL, 52),
    ('SP', 'São Paulo', '04500-678', 'Centro', 'Avenida das Estrelas', '678', 'Apto 303', 53),
    ('SP', 'Campinas', '13045-123', 'Vila Feliz', 'Rua das Flores', '123', NULL, 54),
    ('SP', 'São Paulo', '03012-234', 'Vila Nova', 'Avenida das Violetas', '234', 'Casa dos Fundos', 55),
    ('SP', 'Santo André', '09000-567', 'Centro', 'Rua das Tulipas', '567', 'Bloco D, 4º Andar', 56),
    ('SP', 'São Bernardo do Campo', '09876-123', 'Vila das Árvores', 'Avenida das Rosas', '123', 'Apto 202', 57),
    ('SP', 'São Paulo', '04500-234', 'Vila Primavera', 'Rua das Margaridas', '234', NULL, 58),
    ('SP', 'Campinas', '13045-890', 'Jardim das Violetas', 'Avenida das Palmeiras', '890', 'Casa dos Fundos', 59),
    ('SP', 'São Paulo', '03012-678', 'Vila das Rosas', 'Rua Principal', '678', 'Apto 101', 60),
    ('SP', 'Santo André', '09000-234', 'Jardim das Árvores', 'Avenida das Flores', '234', NULL, 61),
    ('SP', 'São Bernardo do Campo', '09876-567', 'Centro', 'Rua das Estrelas', '567', 'Bloco E, 8º Andar', 62),
    ('SP', 'São Paulo', '04500-123', 'Vila Feliz', 'Avenida das Tulipas', '123', 'Casa dos Fundos', 63),
    ('SP', 'Campinas', '13045-678', 'Jardim das Flores', 'Rua das Árvores', '678', 'Apto 303', 64),
    ('SP', 'São Paulo', '03012-234', 'Vila das Flores', 'Avenida das Margaridas', '234', NULL, 65),
    ('SP', 'Santo André', '09000-890', 'Vila Primavera', 'Rua das Estrelas', '890', 'Casa dos Fundos', 66),
    ('SP', 'São Paulo', '04500-567', 'Centro', 'Rua das Flores', '567', 'Apto 202', 67),
    ('SP', 'Campinas', '13045-123', 'Vila Nova', 'Avenida das Tulipas', '123', NULL, 68),
    ('SP', 'São Paulo', '03012-678', 'Vila Feliz', 'Rua das Margaridas', '678', 'Casa dos Fundos', 69),
    ('SP', 'Santo André', '09000-234', 'Jardim das Estrelas', 'Avenida das Rosas', '234', 'Apto 101', 70),
    ('SP', 'São Bernardo do Campo', '09876-890', 'Centro', 'Rua Principal', '890', NULL, 71),
    ('SP', 'São Paulo', '04500-890', 'Vila das Rosas', 'Rua Principal', '890', NULL, 72),
    ('SP', 'Campinas', '13045-678', 'Vila das Tulipas', 'Avenida das Flores', '678', 'Apto 303', 73),
    ('SP', 'São Paulo', '03012-123', 'Vila Nova', 'Rua das Estrelas', '123', NULL, 74),
    ('SP', 'Santo André', '09000-234', 'Centro', 'Avenida das Margaridas', '234', 'Casa dos Fundos', 75),
    ('SP', 'São Bernardo do Campo', '09876-567', 'Vila das Violetas', 'Rua das Flores', '567', 'Bloco F, 6º Andar', 76),
    ('SP', 'São Paulo', '04500-234', 'Vila Feliz', 'Avenida das Árvores', '234', NULL, 77),
    ('SP', 'Campinas', '13045-890', 'Jardim Primavera', 'Rua das Palmeiras', '890', 'Casa dos Fundos', 78),
    ('SP', 'São Paulo', '03012-678', 'Vila das Árvores', 'Avenida das Violetas', '678', 'Apto 101', 79),
    ('SP', 'Santo André', '09000-123', 'Vila das Palmeiras', 'Rua das Tulipas', '123', NULL, 80),
    ('SP', 'São Paulo', '04500-567', 'Centro', 'Avenida das Flores', '567', 'Bloco G, 9º Andar', 81),
    ('SP', 'Campinas', '13045-123', 'Vila das Rosas', 'Rua das Margaridas', '123', 'Apto 202', 82),
    ('SP', 'São Paulo', '03012-890', 'Vila Nova', 'Avenida das Palmeiras', '890', NULL, 83),
    ('SP', 'Santo André', '09000-678', 'Jardim das Flores', 'Rua das Árvores', '678', 'Casa dos Fundos', 84),
    ('SP', 'São Paulo', '04500-123', 'Vila Primavera', 'Avenida das Tulipas', '123', 'Apto 303', 85),
    ('SP', 'Campinas', '13045-890', 'Centro', 'Rua das Rosas', '890', NULL, 86),
    ('SP', 'São Paulo', '03012-234', 'Vila das Violetas', 'Avenida das Estrelas', '234', 'Casa dos Fundos', 87),
    ('SP', 'Santo André', '09000-567', 'Vila Feliz', 'Rua das Estrelas', '567', 'Apto 101', 88),
    ('SP', 'São Paulo', '04500-678', 'Centro', 'Avenida das Margaridas', '678', NULL, 89),
    ('SP', 'Campinas', '13045-234', 'Jardim das Estrelas', 'Rua das Tulipas', '234', 'Bloco H, 5º Andar', 90),
    ('SP', 'São Paulo', '03012-567', 'Vila das Flores', 'Avenida das Flores', '567', 'Apto 202', 91),
    ('SP', 'Santo André', '09000-234', 'Vila Feliz', 'Rua das Rosas', '234', NULL, 92),
    ('SP', 'São Paulo', '04500-234', 'Centro', 'Rua das Palmeiras', '234', 'Apto 404', 93),
    ('SP', 'Campinas', '13045-890', 'Jardim das Flores', 'Avenida das Flores', '890', NULL, 94),
    ('SP', 'São Paulo', '03012-567', 'Vila das Árvores', 'Rua das Árvores', '567', 'Casa dos Fundos', 95),
    ('SP', 'Santo André', '09000-123', 'Vila Nova', 'Rua das Rosas', '123', NULL, 96),
    ('SP', 'São Paulo', '04500-678', 'Vila Feliz', 'Avenida das Tulipas', '678', 'Bloco I, 6º Andar', 97),
    ('SP', 'São Bernardo do Campo', '09876-234', 'Centro', 'Rua Principal', '234', 'Apto 101', 98),
    ('SP', 'São Paulo', '03012-890', 'Vila Primavera', 'Avenida das Margaridas', '890', NULL, 99),
    ('SP', 'Campinas', '13045-123', 'Vila das Estrelas', 'Rua das Estrelas', '123', 'Apto 303', 100),
    ('SP', 'São Paulo', '04500-234', 'Vila das Tulipas', 'Avenida das Rosas', '234', 'Casa dos Fundos', 101),
    ('SP', 'Santo André', '09000-890', 'Jardim Primavera', 'Rua das Violetas', '890', 'Bloco J, 4º Andar', 102),
    ('SP', 'São Bernardo do Campo', '09876-567', 'Vila das Flores', 'Rua das Margaridas', '567', NULL, 103),
    ('SP', 'São Paulo', '03012-123', 'Vila Feliz', 'Avenida das Violetas', '123', 'Apto 202', 104),
    ('SP', 'Campinas', '13045-678', 'Centro', 'Rua das Palmeiras', '678', 'Casa dos Fundos', 105),
    ('SP', 'São Paulo', '04500-567', 'Vila Nova', 'Avenida das Árvores', '567', 'Bloco K, 3º Andar', 106),
    ('SP', 'Santo André', '09000-234', 'Vila das Rosas', 'Rua das Flores', '234', 'Apto 101', 107),
    ('SP', 'São Paulo', '03012-678', 'Centro', 'Avenida das Flores', '678', NULL, 108),
    ('SP', 'Campinas', '13045-234', 'Jardim das Flores', 'Rua das Rosas', '234', 'Casa dos Fundos', 109),
    ('SP', 'São Paulo', '04500-123', 'Vila Feliz', 'Avenida das Estrelas', '123', 'Bloco L, 5º Andar', 110),
    ('SP', 'Santo André', '09000-567', 'Centro', 'Rua das Violetas', '567', 'Apto 303', 111),
    ('SP', 'São Bernardo do Campo', '09876-234', 'Vila das Árvores', 'Avenida das Tulipas', '234', NULL, 112),
    ('SP', 'São Paulo', '04500-890', 'Vila das Estrelas', 'Rua das Margaridas', '890', NULL, 113),
    ('SP', 'Campinas', '13045-678', 'Vila das Rosas', 'Avenida das Árvores', '678', 'Apto 404', 114),
    ('SP', 'São Paulo', '03012-234', 'Centro', 'Rua das Flores', '234', 'Casa dos Fundos', 115),
    ('SP', 'Santo André', '09000-123', 'Jardim Primavera', 'Avenida das Rosas', '123', NULL, 116),
    ('SP', 'São Bernardo do Campo', '09876-567', 'Vila Feliz', 'Rua das Palmeiras', '567', 'Bloco M, 7º Andar', 117),
    ('SP', 'São Paulo', '04500-234', 'Vila Nova', 'Avenida das Violetas', '234', 'Apto 101', 118),
    ('SP', 'Campinas', '13045-890', 'Jardim das Tulipas', 'Rua das Tulipas', '890', 'Casa dos Fundos', 119),
    ('SP', 'São Paulo', '03012-567', 'Centro', 'Avenida das Estrelas', '567', NULL, 120),
    ('SP', 'Santo André', '09000-234', 'Vila das Violetas', 'Rua das Árvores', '234', 'Casa dos Fundos', 121),
    ('SP', 'São Paulo', '04500-678', 'Jardim das Flores', 'Avenida das Palmeiras', '678', 'Apto 202', 122),
    ('SP', 'São Bernardo do Campo', '09876-123', 'Centro', 'Rua Principal', '123', 'Bloco N, 6º Andar', 123),
    ('SP', 'São Paulo', '03012-890', 'Vila das Árvores', 'Rua das Rosas', '890', 'Apto 303', 124),
    ('SP', 'Santo André', '09000-678', 'Vila Feliz', 'Avenida das Árvores', '678', 'Casa dos Fundos', 125),
    ('SP', 'Santo André', '09000-678', 'Vila Feliz', 'Avenida das Árvores', '678', 'Casa dos Fundos', 126),
    ('SP', 'Santo André', '09000-678', 'Vila Feliz', 'Avenida das Árvores', '678', 'Casa dos Fundos', 127),
    ('SP', 'Campinas', '13045-678', 'Vila das Rosas', 'Avenida das Árvores', '678', 'Apto 404', 128),
    ('SP', 'São Paulo', '04500-567', 'Vila Nova', 'Avenida das Árvores', '567', 'Bloco K, 3º Andar', 129),
    ('SP', 'São Paulo', '04500-234', 'Vila das Tulipas', 'Avenida das Rosas', '234', 'Casa dos Fundos', 130),
    ('SP', 'São Bernardo do Campo', '09876-567', 'Vila Feliz', 'Rua das Palmeiras', '567', 'Bloco M, 7º Andar', 131),
    ('SP', 'São Bernardo do Campo', '09876-123', 'Centro', 'Rua Principal', '123', 'Bloco N, 6º Andar', 132),
    ('SP', 'Santo André', '09000-567', 'Vila Feliz', 'Rua das Estrelas', '567', 'Apto 101', 133),
    ('SP', 'São Paulo', '03012-123', 'Vila Nova', 'Rua das Estrelas', '123', NULL, 134),
    ('SP', 'Piracicaba', '13400240', 'Centro', 'Rua Governador', '321', 'Sala 1201', 135),
    ('SP', 'São Paulo', '03012-890', 'Jardim das Flores', 'Rua das Margaridas', '123', NULL, 136),
    ('SP', 'São Paulo', '03012-567', 'Vila das Flores', 'Avenida das Flores', '567', 'Apto 202', 137),
    ('SP', 'São Paulo', '03012-567', 'Vila das Flores', 'Avenida das Flores', '567', 'Apto 202', 138);



INSERT INTO usuario_servico
(prestador_id, servico_id)
VALUES
(2, 1),
(2, 2),
(6, 3),
(6, 4),
(9, 5),
(9, 6),
(10, 7),
(10, 8),
(11, 9),
(11, 10),
(13, 11),
(13, 12),
(15, 13),
(15, 14),
(19, 15),
(19, 16),
(20, 17),
(20, 18),
(25, 19),
(25, 20),
(28, 21),
(30, 1),
(32, 2),
(34, 3),
(34, 2),
(36, 4),
(38, 5),
(40, 6),
(40, 5),
(42, 7),
(44, 8),
(46, 9),
(46, 8),
(48, 10),
(48, 11),
(50, 11),
(52, 12),
(52, 11),
(52, 10),
(54, 13),
(56, 7),
(56, 8),
(56, 9),
(58, 15),
(60, 16),
(60, 17),
(62, 17),
(64, 18),
(64, 17),
(64, 16),
(66, 19),
(68, 20),
(68, 21),
(70, 21),
(72, 1),
(74, 2),
(76, 3),
(76, 1),
(76, 2),
(78, 4),
(78, 5),
(80, 5),
(82, 6),
(82, 5),
(84, 7),
(86, 9),
(88, 10),
(90, 11),
(90, 12),
(92, 12),
(92, 11),
(94, 13),
(96, 14),
(96, 15),
(98, 15),
(100, 16),
(100, 17),
(102,17),
(104,18),
(106,19),
(108,20),
(110,21),
(112,1),
(114,2),
(116,3),
(118,4),
(120,5),
(120,6),
(122,6),
(124,7),
(124,8),
(126,8),
(127, 11),
(127, 12),
(128, 1),
(128, 2),
(128, 3),
(129, 6),
(130, 7),
(130,8),
(131,18),
(132,19),
(132,20),
(132,21),
(133, 3),
(134, 1),
(134, 2),
(135, 4),
(135, 15),
(136, 7),
(136, 9);

INSERT INTO usuario_servico
(prestador_id, servico_id)
VALUES
(2, 1),
(2, 2),
(5, 3),
(5, 4),
(8, 5),
(8, 6),
(9, 7),
(9, 8),
(10, 9),
(10, 10),
(13, 11),
(13, 12),
(15, 13),
(15, 14),
(19, 15),
(19, 16),
(20, 17),
(20, 18),
(25, 19),
(25, 20),
(26, 21);

INSERT INTO avaliacao
(id, nota, descricao)
VALUES
(1, 4, 'Muito bom o serviço, mas demorou mais que o esperado'),
(2, 5, 'Sensacional! Serviço impecável'),
(3, 3, 'Serviço dentro das expectativas'),
(4, 4, 'Ótimo atendimento, recomendo'),
(5, 2, 'Insatisfatório, poderia ter sido melhor'),
(6, 1, 'Decepcionante, não recomendo'),
(7, 5, 'Maravilhoso! Superou todas as expectativas'),
(8, 4, 'Bom serviço, com pequenos problemas'),
(9, 0, 'Horrível! Nunca mais contratarei'),
(10, 3, 'Médio, nem bom nem ruim'),
(11, 2, 'Serviço ruim, poderia ser melhor'),
(12, 5, 'Serviço excepcional, superou minhas expectativas'),
(13, 2, 'Apenas ok, esperava mais'),
(14, 4, 'Serviço acima da média, mas com pequenos problemas'),
(15, 5, 'Excelente serviço, recomendo'),
(16, 1, 'Péssimo atendimento, não recomendo'),
(17, 3, 'Serviço aceitável, mas nada demais'),
(18, 0, 'Péssima experiência, não recomendo de jeito nenhum'),
(19, 3, 'Atendeu às expectativas mínimas'),
(20, 5, 'Ótimo atendimento, recomendo'),
(21, 4, 'Bom atendimento, com algumas ressalvas'),
(22, 1, 'Fiquei muito desapontado, esperava mais'),
(23, 3, 'Aceitável, dentro do esperado'),
(24, 4, 'Bom serviço, dentro das expectativas'),
(25, 2, 'Insatisfatório, poderia ter sido melhor'),
(26, 1, 'Decepcionante, não voltarei a contratar'),
(27, 5, 'Serviço excelente, superou minhas expectativas'),
(28, 1, 'Serviço abaixo das expectativas'),
(29, 5, 'Sensacional! Serviço impecável'),
(30, 4, 'Bom serviço, com pequenos problemas'),
(31, 0, 'Muito insatisfeito, não cumpriu o combinado'),
(32, 3, 'Médio, nem bom nem ruim'),
(33, 5, 'Excelente serviço, recomendo'),
(34, 0, 'Péssimo serviço, não recomendo'),
(35, 3, 'Serviço satisfatório, mas com algumas falhas'),
(36, 2, 'Simplesmente ok, nada demais'),
(37, 1, 'Péssimo atendimento, não recomendo'),
(38, 4, 'Bom serviço, dentro das expectativas'),
(39, 4, 'Muito bom o serviço, mas demorou mais que o esperado'),
(40, 2, 'Serviço ruim, poderia ser melhor'),
(41, 1, 'Decepcionante, não voltarei a contratar'),
(42, 5, 'Ótimo atendimento, recomendo'),
(43, 3, 'Serviço aceitável, mas nada demais'),
(44, 0, 'Péssimo serviço, não recomendo'),
(45, 3, 'Atendeu às expectativas mínimas'),
(46, 5, 'Ótimo atendimento, recomendo'),
(47, 4, 'Bom atendimento, com algumas ressalvas'),
(48, 1, 'Decepcionante, não voltarei a contratar'),
(49, 5, 'Serviço excepcional, superou minhas expectativas'),
(50, 5, 'Serviço excepcional, superou minhas expectativas');

INSERT INTO avaliacao
(nota, descricao)
VALUES
(4, 'Muito bom o serviço, mas demorou mais que o esperado'),
(5, 'Sensacional! Serviço impecável'),
(3, 'Serviço dentro das expectativas'),
(4, 'Ótimo atendimento, recomendo'),
(2, 'Insatisfatório, poderia ter sido melhor'),
(1, 'Decepcionante, não recomendo'),
(5, 'Maravilhoso! Superou todas as expectativas'),
(4, 'Bom serviço, com pequenos problemas'),
(0, 'Horrível! Nunca mais contratarei'),
(3, 'Médio, nem bom nem ruim'),
(2, 'Serviço ruim, poderia ser melhor'),
(5, 'Serviço excepcional, superou minhas expectativas'),
(2, 'Apenas ok, esperava mais'),
(4, 'Serviço acima da média, mas com pequenos problemas'),
(5, 'Excelente serviço, recomendo'),
(1, 'Péssimo atendimento, não recomendo'),
(3, 'Serviço aceitável, mas nada demais'),
(0, 'Péssima experiência, não recomendo de jeito nenhum'),
(3, 'Atendeu às expectativas mínimas'),
(5, 'Ótimo atendimento, recomendo'),
(4, 'Bom atendimento, com algumas ressalvas'),
(1, 'Fiquei muito desapontado, esperava mais'),
(3, 'Aceitável, dentro do esperado'),
(4, 'Bom serviço, dentro das expectativas'),
(2, 'Insatisfatório, poderia ter sido melhor'),
(1, 'Decepcionante, não voltarei a contratar'),
(5, 'Serviço excelente, superou minhas expectativas'),
(1, 'Serviço abaixo das expectativas'),
(5, 'Sensacional! Serviço impecável'),
(4, 'Bom serviço, com pequenos problemas'),
(0, 'Muito insatisfeito, não cumpriu o combinado'),
(3, 'Médio, nem bom nem ruim'),
(5, 'Excelente serviço, recomendo'),
(0, 'Péssimo serviço, não recomendo'),
(3, 'Serviço satisfatório, mas com algumas falhas'),
(2, 'Simplesmente ok, nada demais'),
(1, 'Péssimo atendimento, não recomendo'),
(4, 'Bom serviço, dentro das expectativas'),
(4, 'Muito bom o serviço, mas demorou mais que o esperado'),
(2, 'Serviço ruim, poderia ser melhor'),
(1, 'Decepcionante, não voltarei a contratar'),
(5, 'Ótimo atendimento, recomendo'),
(3, 'Serviço aceitável, mas nada demais'),
(0, 'Péssimo serviço, não recomendo'),
(3, 'Atendeu às expectativas mínimas'),
(5, 'Ótimo atendimento, recomendo'),
(4, 'Bom atendimento, com algumas ressalvas'),
(1, 'Decepcionante, não voltarei a contratar'),
(5, 'Serviço excepcional, superou minhas expectativas');

INSERT INTO form_orcamento
(id, orcamento, mensagem)
VALUES
(1, 400.00, 'Trabalho Finalizado'),
(2, 50.0, 'Trabalho Finalizado'),
(3, 300.0, 'Trabalho Finalizado'),
(4, 40.0, 'Trabalho Finalizado'),
(5, 200.0, 'Trabalho Finalizado'),
(6, 1000.0, 'Trabalho Finalizado'),
(7, 500.0, 'Trabalho Finalizado'),
(8, 400.0, 'Trabalho Finalizado'),
(9, 1000.0, 'Trabalho Finalizado'),
(10, 30.0, 'Trabalho Finalizado'),
(11, 200.0, 'Trabalho Finalizado'),
(12, 500.0, 'Trabalho Finalizado'),
(13, 200.0, 'Trabalho Finalizado'),
(14, 400.0, 'Trabalho Finalizado'),
(15, 50.0, 'Trabalho Finalizado'),
(16, 100.0, 'Trabalho Finalizado'),
(17, 30.0, 'Trabalho Finalizado'),
(18, 100.0, 'Trabalho Finalizado'),
(19, 300.0, 'Trabalho Finalizado'),
(20, 500.0, 'Trabalho Finalizado'),
(21, 400.0, 'Trabalho Finalizado'),
(22, 100.0, 'Trabalho Finalizado'),
(23, 300.0, 'Trabalho Finalizado'),
(24, 400.0, 'Trabalho Finalizado'),
(25, 2000.0, 'Trabalho Finalizado'),
(26, 100.0, 'Trabalho Finalizado'),
(27, 50.0, 'Trabalho Finalizado'),
(28, 100.0, 'Trabalho Finalizado'),
(29, 5000.0, 'Trabalho Finalizado'),
(30, 40.0, 'Trabalho Finalizado'),
(31, 100.0, 'Trabalho Finalizado'),
(32, 300.0, 'Trabalho Finalizado'),
(33, 500.0, 'Trabalho Finalizado'),
(34, 1000.0, 'Trabalho Finalizado'),
(35, 300.0, 'Trabalho Finalizado'),
(36, 200.0, 'Trabalho Finalizado'),
(37, 100.0, 'Trabalho Finalizado'),
(38, 4000.0, 'Trabalho Finalizado'),
(39, 400.0, 'Trabalho Finalizado'),
(40, 200.0, 'Trabalho Finalizado'),
(41, 100.0, 'Trabalho Finalizado'),
(42, 500.0, 'Trabalho Finalizado'),
(43, 3000.0, 'Trabalho Finalizado'),
(44, 1000.0, 'Trabalho Finalizado'),
(45, 30.0, 'Trabalho Finalizado'),
(46, 500.0, 'Trabalho Finalizado'),
(47, 400.0, 'Trabalho Finalizado'),
(48, 100.0, 'Trabalho Finalizado'),
(49, 500.0, 'Trabalho Finalizado'),
(50, 500.0, 'Trabalho Finalizado');

INSERT INTO avaliacao
(id, nota, descricao)
VALUES
(100, 4, 'Muito bom o serviço, mas demorou mais que o esperado'),
(101, 5, 'Sensacional! Serviço impecável'),
(102, 3, 'Serviço dentro das expectativas'),
(103, 4, 'Ótimo atendimento, recomendo'),
(104, 2, 'Insatisfatório, poderia ter sido melhor'),
(105, 4, 'Satisfeito com o serviço'),
(106, 5, 'Entrega antes do prazo'),
(107, 3, 'Poderia melhorar na comunicação'),
(108, 4, 'Atendeu às expectativas'),
(109, 2, 'Necessário retorno para correção'),
(110, 5, 'Aconselho a todos os conhecidos'),
(111, 4, 'Preço justo pelo serviço'),
(112, 4, 'Retorno rápido'),
(113, 3, 'Faltaram algumas ferramentas'),
(114, 5, 'O melhor da região'),
(115, 4, 'Voltaria a contratar'),
(116, 5, 'Tudo perfeito'),
(117, 1, 'Teve dificuldade inicial'),
(118, 1, 'Bom, mas caro'),
(119, 4, 'Resolveu mais rápido do que esperava'),
(120, 5, 'Profissionalismo impecável'),
(121, 3, 'Poderia ter sido mais rápido'),
(122, 5, 'Qualidade excepcional'),
(123, 2, 'Atendimento ao cliente necessita melhorias'),
(124, 5, 'Altamente recomendado'),
(125, 2, 'Tive problemas com o agendamento'),
(126, 2, 'Precisou de várias visitas para concluir'),
(127, 2, 'Muito caro pelo que foi feito'),
(128, 3, 'Eficiente, mas não muito cordial'),
(129, 4, 'Serviço bem feito, sem problemas'),
(130, 5, 'Muito atencioso e explicativo'),
(131, 3, 'O serviço demorou mais do que o previsto'),
(132, 5, 'Muito satisfeito com o resultado final'),
(133, 3, 'O preço foi mais alto do que o esperado'),
(134, 2, 'O atendimento deixou a desejar'),
(135, 5, 'Serviço de primeira classe'),
(136, 2, 'Tive que chamar novamente para correções'),
(137, 4, 'Os trabalhos começaram no horário marcado'),
(138, 5, 'Recomendaria sem hesitar'),
(139, 3, 'Poderia ter sido melhor'),

(140, 4, 'Os trabalhos começaram no horário marcado'),
(141, 5, 'Recomendaria sem hesitar'),
(142, 3, 'Poderia ter sido melhor');

INSERT INTO form_orcamento
(id, orcamento, mensagem)
VALUES
(51, 400.00, 'Trabalho Finalizado'),
(52, 300.00, 'Trabalho Finalizado'),
(53, 200.00, 'Trabalho Finalizado'),
(54, 800.00, 'Trabalho Finalizado'),
(55, 450.00, 'Trabalho Finalizado'),
(56, 350.00, 'Em Progresso'),
(57, 650.00, 'Aguardando Confirmação'),
(58, 470.00, 'Aguardando Peças'),
(59, 490.00, 'Finalização em Andamento'),
(60, 520.00, 'Consultando Cliente'),
(61, 530.00, 'Revisando Serviço'),
(62, 550.00, 'Início Imediato'),
(63, 575.00, 'Esperando Aprovação'),
(64, 595.00, 'Iniciando Diagnóstico'),
(65, 605.00, 'Concluído com Observações'),
(66, 610.00, 'Aguardando Pagamento'),
(67, 620.00, 'Em Análise'),
(68, 625.00, 'Serviço Parcialmente Concluído'),
(69, 640.00, 'Precisa de Peças Adicionais'),
(70, 650.00, 'Planejamento Aprovado'),
(71, 670.00, 'Aguardando Feedback do Cliente'),
(72, 690.00, 'Em Fase de Testes'),
(73, 700.00, 'Urgente - Aguardando Peças'),
(74, 720.00, 'Finalização Prevista para Amanhã'),
(75, 735.00, 'Requer Aprovação do Orçamento'),
(76, 750.00, 'Preparando para Início'),
(77, 765.00, 'Em Fase de Conclusão'),
(78, 780.00, 'Revisão Final Solicitada pelo Cliente'),
(79, 800.00, 'Pendências Resolvidas'),
(80, 810.00, 'Retorno agendado para conclusão'),
(81, 820.00, 'Revisão marcada para terça-feira'),
(82, 830.00, 'Requer autorização para peças adicionais'),
(83, 840.00, 'Problemas encontrados no sistema'),
(84, 850.00, 'Finalizado - aguardando confirmação'),
(85, 860.00, 'Necessita de mais tempo para conclusão'),
(86, 870.00, 'Reparo feito - em fase de testes'),
(87, 880.00, 'Cliente informado sobre situação'),
(88, 890.00, 'Em espera por material solicitado'),
(89, 900.00, 'Consultando disponibilidade de agenda'),

(90, 1000.00, 'Em espera por material solicitado'),
(91, 900.00, 'Revisão marcada para terça-feira'),
(92, 800.00, 'Revisão Final Solicitada pelo Cliente');

INSERT INTO solicitacao
(contratante_id, prestador_id, tamanho, medida, descricao, status, inclui_aula, data_inicio, data_fim
, servico_id, avaliacao_id, form_orcamento_id)
VALUES
(27, 28, 35.0, 'm²', 'Reparos e manutenção em elementos de gesso', 4, 1,        '2023-01-15', '2023-01-18', 21, 1, 1),
(29, 30, 15.0, 'm²', 'Poda de árvores no quintal', 4, 1,                        '2023-02-10', '2023-02-25', 1, 2, 2),
(31, 32, 60.0, 'm²', 'Pintura das paredes da sala', 4, 0,                       '2023-03-05', '2023-03-15', 2, 3, 3),
(33, 34,35, 'cm', 'Troca de torneiras no banheiro.', 4, 0,                      '2023-01-20', '2023-01-25', 3, 4, 4),
(35, 36, 90, 'm²', 'Pintura de portas internas.', 4, 1,                         '2023-02-15', '2023-02-20', 4, 5, 5),
(37, 38, 300, 'm²', 'Consertar vazamento no telhado.', 4, 0,                    '2023-03-10', '2023-03-15', 5, 6, 6),
(39, 40,  10.0, 'cm', 'Reparos no encanamento do banheiro', 4, 1,               '2023-01-25', '2023-01-30', 7, 7, 7),
(41, 42, 1.0, 'm', 'Instalação de chuveiro elétrico', 4, 0,                     '2023-02-20', '2023-02-25', 7, 8, 8),
(43, 44,  10, 'cm', 'Montagem de móveis de escritório.', 4, 1,                  '2023-03-15', '2023-03-30', 8, 9, 9),
(45, 46,  45, 'cm', 'Restauração de móveis antigos.', 4, 0,                     '2023-03-15', '2023-03-30', 8, 10, 10),
(47, 48,  50, 'cm', 'Troca de torneiras na cozinha.', 4, 1,                     '2023-02-25', '2023-03-05', 10, 11, 11),
(49, 50, 30, 'm', 'Montagem de móveis pré-fabricados.', 4, 1,                   '2023-03-20', '2023-03-30', 11, 12, 12),
(51, 52, 180, 'm²', 'Pintura de fachadas de edifícios.', 4, 0,                  '2023-04-05', '2023-04-10', 12, 13, 13),
(53, 54, 150, 'm²', 'Detecção e reparo de vazamentos.', 4, 1,                   '2023-01-15', '2023-01-20', 13, 14, 14),
(55, 56, 40, 'cm', 'Instalação elétrica dando problema.', 4, 0,      '2023-10-10', '2023-10-15', 7, 15, 15),
(57, 58, 50, 'cm', 'Restauração de móveis antigos.', 4, 0,                      '2023-03-05', '2023-05-15', 15, 16, 16),
(59, 60, 150, 'm²', 'Reparos e manutenção em gesso.', 4, 1,                     '2023-01-20', '2023-01-25', 17, 17, 17),
(61, 62, 40, 'cm', 'Molduras e sancas de gesso impressionantes.', 4, 0,         '2023-02-15', '2023-02-25', 17, 18, 18),
(63, 64, 70, 'm²', 'Construção de estrutura metálica.', 4, 1,                   '2023-03-10', '2023-03-20', 16, 19, 19),
(65, 66, 80, 'm²', 'Pintura de fachadas.', 4, 0,                                '2023-04-15', '2023-04-20', 19, 20, 20),
(67, 68, 70.0, 'cm', 'Decoração em gesso 3D para sala', 4, 1,                   '2023-01-25', '2023-01-30', 21, 21, 21),
(69, 70, 25.0, 'm', 'Decoração em gesso 3D para sala', 4, 0,                    '2023-02-20', '2023-02-25', 21, 22, 22),
(71, 72, 20.0, 'm²', 'Poda de árvores no quintal', 4, 1,                        '2023-03-15', '2023-03-20', 1, 23, 23),
(73, 74, 10.0, 'm²', 'Poda de árvores no quintal', 4, 0,                        '2023-04-01', '2023-04-05', 2, 24, 24),
(75, 76, 25.0, 'm²', 'Poda de árvores no quintal', 4, 0,                        '2023-01-30', '2023-02-05', 2, 25, 25),
(77, 78, 100.0, 'm', 'Pintura das paredes da sala', 4, 0,                       '2023-02-25', '2023-03-05', 5, 26, 26),
(79, 80, 10.0, 'm', 'Pintura das paredes da sala', 4, 0,                        '2023-03-20', '2023-03-25', 5, 27, 27),
(81, 82, 50.0, 'm', 'Pintura das paredes da sala', 4, 1,                        '2023-04-05', '2023-04-20', 5, 28, 28),
(83, 84, 1.5, 'm', 'Instalação de chuveiro elétrico', 4, 0,                     '2023-01-15', '2023-01-20', 7, 29, 29),
(85, 86, 150, 'm²', 'Reparos e manutenção de elementos de gesso.', 4, 1,        '2023-02-10', '2023-02-25', 9, 30, 30),
(87, 88, 20, 'cm', 'Troca de torneiras na cozinha.', 4, 0,                      '2023-03-05', '2023-03-20', 10, 31, 31),
(89, 90, 30, 'm', 'Montagem de móveis pré-fabricados.', 4, 1,                   '2023-04-10', '2023-04-15', 11, 32, 32),
(91, 92, 60, 'm²', 'Pintura de portas e portões.', 4, 1,                        '2023-01-15', '2023-01-20', 12, 33, 33),
(93, 94, 40, 'cm', 'Conserto de vazamento no banheiro.', 4, 0,                  '2023-02-10', '2023-02-15', 13, 34, 34),
(95, 96, 15.0, 'Unidade', 'Criação de projeto de móveis para cozinha', 4, 1,    '2023-03-05', '2023-03-10', 14, 35, 35),
(97, 98, 10.0, 'Unidade', 'Criação de projeto de móveis para cozinha', 4, 0,    '2023-04-01', '2023-04-15', 15, 36, 36),
(99, 100, 50, 'm²', 'Reparos e manutenção em gesso.', 4, 1,                     '2023-01-20', '2023-01-25', 17, 37, 37),
(101, 102, 120, 'm²', 'Reparos e manutenção em gesso.', 4, 0,                   '2023-02-15', '2023-02-20', 17, 38, 38),
(103, 104, 15, 'm²', 'Reparos e manutenção em gesso.', 4, 1,                    '2023-03-10', '2023-03-15', 18, 39, 39),
(105, 106, 110, 'm²', 'Reparos e manutenção em gesso.', 4, 0,                   '2023-04-05', '2023-04-10', 19, 40, 40),
(107, 108, 40, 'm²', 'Reparos e manutenção em gesso.', 4, 1,                    '2023-01-25', '2023-01-30', 20, 41, 41),
(109, 110, 130, 'm²', 'Reparos e manutenção em gesso.', 4, 0,                   '2023-02-20', '2023-02-25', 21, 42, 42),
(111, 112, 35.0, 'm²', 'Poda de árvores no quintal', 4, 0,                      '2023-03-15', '2023-03-20', 1, 43, 43),
(113, 114, 20.0, 'm²', 'Poda de árvores no quintal', 4, 1,                      '2023-04-01', '2023-04-05', 2, 44, 44),
(115, 116, 10.0, 'm²', 'Poda de árvores no quintal', 4, 0,                      '2023-01-30', '2023-02-05', 3, 45, 45),
(117, 118,  3.0, 'm', 'Instalação de chuveiro elétrico', 4, 1,                  '2023-02-25', '2023-03-10', 4, 46, 46),
(119, 120, 50.0, 'cm', 'Restauração e repintura de fachadas', 4, 1,             '2023-03-20', '2023-03-30', 6, 47, 47),
(121, 122, 30.0, 'cm', 'Restauração e repintura de fachadas', 4, 1,             '2023-04-05', '2023-04-10', 6, 48, 48),
(123, 124, 20.0, 'cm', 'Restauração e repintura de fachadas', 4, 0,             '2023-03-20', '2023-03-30', 7, 49, 49),
(125, 126, 90.0, 'cm', 'Restauração e repintura de fachadas', 4, 0,             '2023-03-20', '2023-03-30', 8, 50, 50),

(137, 126, 90.0, 'cm', 'Restauração e repintura de fachadas', 2, 0,             '2023-03-20', '2023-03-30', 8, 140, 90),
(137, 116, 3.0, 'm²', 'Poda de árvores no quintal', 2, 0,                      '2023-04-05', '2023-04-15', 3, 141, 91),
(137, 92, 6, 'Unidade', 'Pintura de portas e portões.', 2, 1,                        '2023-06-15', '2023-06-20', 12, 142, 92),
(137, 78, 10.0, 'm', 'Pintura das paredes da sala', 2, 0,                       '2023-10-20', NULL, 5, NULL, NULL);

INSERT INTO solicitacao
(contratante_id, prestador_id, tamanho, medida, descricao, status, servico_id, avaliacao_id)
VALUES
(1, 2, 40.0, 'm²', 'Poda de árvores no quintal', 1, 1, 1),
(3, 6, 60.0, 'm²', 'Pintura das paredes da sala', 2, 4, 4),
(4, 9, 30.0, 'm', 'Instalação de chuveiro elétrico', 4, 11, 9),
(7, 9, 10.0, 'cm', 'Reparos no encanamento do banheiro', 2, 12, 16),
(7, 10, 15.0, 'Unidade', 'Criação de projeto de móveis para cozinha', 1, 15, 20),
(18, 13, 100.0, 'm²', 'Montagem de móveis pré-fabricados', 4, 16, 25),
(12, 15, 25.0, 'm', 'Decoração em gesso 3D para sala', 2, 20, 30),
(7, 19, 50.0, 'cm', 'Restauração e repintura de fachadas', 1, 6, 35),
(18, 20, 70.0, 'Unidade', 'Fabricação e montagem de móveis sob medida', 4, 13, 40),
(17, 25, 45.0, 'm²', 'Instalação de sistemas modulares', 2, 18, 45),
(18, 26, 35.0, 'm²', 'Reparos e manutenção em elementos de gesso', 1, 21, 49),
(1, 26, 20.0, 'Unidade', 'Poda de árvores no quintal', 1, 1, 2),
(4, 2, 100.0, 'm', 'Pintura das paredes da sala', 2, 4, 7),
(6, 10, 55.0, 'm', 'Instalação de chuveiro elétrico', 4, 11, 12),
(12, 8, 30.0, 'm', 'Reparos no encanamento do banheiro', 1, 12, 15),
(7, 9, 45.0, 'm', 'Criação de projeto de móveis para cozinha', 2, 15, 19),
(18, 20, 60.0, 'cm', 'Montagem de móveis pré-fabricados', 4, 16, 22),
(23, 13, 70.0, 'cm', 'Decoração em gesso 3D para sala', 1, 20, 27),
(17, 19, 35.0, 'cm', 'Restauração e repintura de fachadas', 2, 6, 29),
(21, 25, 85.0, 'cm', 'Fabricação e montagem de móveis sob medida', 4, 13, 34),
(7, 15, 40.0, 'Unidade', 'Instalação de sistemas modulares', 1, 18, 38),
(24, 5, 50.0, 'm²', 'Reparos e manutenção em elementos de gesso', 2, 21, 43),
(1, 26, 20.0, 'm²', 'Preciso de poda para árvores altas no quintal', 1, 1, 2),
(4, 2, 100.0, 'm²', 'Pintura total em sala com paredes desgastadas', 2, 4, 7),
(6, 10, 55.0, 'm²', 'Instalação de chuveiro elétrico com disjuntor', 4, 11, 12),
(12, 8, 30.0, 'Unidade', 'Reparos em encanamento com vazamento no banheiro', 1, 12, 15),
(7, 9, 45.0, 'Unidade', 'Projeto de móveis planejados para cozinha pequena', 2, 15, 19),
(18, 20, 60.0, 'm²', 'Montagem de móveis pré-fabricados para escritório', 4, 16, 22),
(23, 13, 70.0, 'm²', 'Decoração em gesso 3D para teto da sala de estar', 1, 20, 27),
(17, 19, 35.0, 'm²', 'Restauração e repintura de fachada de prédio antigo', 2, 6, 29),
(21, 25, 85.0, 'm', 'Móveis sob medida para quarto de criança', 4, 13, 34),
(7, 15, 40.0, 'cm', 'Instalação de prateleiras modulares para livros', 1, 18, 38),
(24, 5, 50.0, 'cm', 'Reparo em sancas de gesso danificadas por umidade', 2, 21, 43);






INSERT INTO solicitacao
(contratante_id, prestador_id, tamanho, medida, descricao, status, inclui_aula, data_inicio,
data_fim, servico_id, form_orcamento_id, avaliacao_id)
VALUES
(18, 56, 40, 'm²', 'Instalação elétrica dando problema.', 1, 1, '2023-03-10', null, 8, 52, 102),
(23, 56, 50, 'cm', 'Instalação elétrica dando problema.', 1, 0, '2023-03-10', null, 8, null, null),
(24, 56, 60, 'm', 'Instalação elétrica dando problema.', 2, 0, '2023-06-10', '2023-06-15', 9, 53, 100),
(17, 56, 90, 'cm', 'Instalação elétrica dando problema.', 2, 1, '2023-05-10', '2023-05-15', 7, null, 101),
(7, 56, 80, 'm²', 'Instalação elétrica dando problema.', 2, 0, '2023-06-10', '2023-06-15', 9, 51, 103),
(24, 56, 30, 'm', 'Instalação elétrica dando problema.', 2, 0, '2023-06-10', '2023-06-15', 7, 54, null),
(18, 56, 20, 'cm', 'Instalação elétrica dando problema.', 2, 1, '2023-07-10', '2023-07-15', 7, 51, 104),
(18, 56, 45, 'm²', 'Instalação de novos equipamentos elétricos.', 1, 1, '2023-04-12', null, 8, 55, 105),
(23, 56, 35, 'cm', 'Reparo em fiação antiga.', 1, 0, '2023-05-20', null, 9, 56, 106),
(17, 56, 95, 'm', 'Substituição de disjuntores.', 2, 1, '2023-07-05', '2023-07-10', 7, 57, 107),
(18, 56, 47, 'm²', 'Instalação de iluminação LED.', 2, 0, '2023-08-12', '2023-08-15', 7, 58, 108),
(24, 56, 37, 'cm', 'Checagem de falha em tomada.', 1, 0, '2023-09-01', null, 8, 59, 109),
(7, 56, 25, 'm', 'Montagem de painel elétrico.', 1, 1, '2023-11-22', null, 9, 60, 110),
(18, 56, 67, 'cm', 'Instalação de ventilador de teto.', 2, 1, '2023-12-05', '2023-12-09', 7, 61, 111),
(7, 56, 48, 'm²', 'Revisão da rede elétrica.', 2, 0, '2023-12-15', '2023-12-18', 8, 62, 112),
(18, 56, 38, 'cm', 'Instalação de campainha.', 1, 0, '2023-12-20', null, 9, 63, 113),
(24, 56, 26, 'm', 'Reparo em chuveiro elétrico.', 1, 1, '2023-01-05', null, 8, 64, 114),
(18, 56, 68, 'cm', 'Instalação de tomadas adicionais.', 2, 1, '2023-01-12', '2023-01-15', 7, 65, 115),
(23, 56, 40, 'm²', 'Reparo em fiação exposta.', 2, 0, '2023-01-18', '2023-01-20', 9, 66, 116),
(7, 56, 30, 'cm', 'Montagem de quadro elétrico.', 1, 0, '2023-10-01', null, 7, 67, 117),
(17, 56, 29, 'm', 'Checagem de iluminação externa.', 1, 1, '2023-10-08', null, 8, 68, 118),
(18, 56, 72, 'cm', 'Instalação de sensores de presença.', 2, 1, '2023-10-12', null, 9, 69, 119),
(18, 56, 52, 'm²', 'Substituição de lâmpadas queimadas.', 1, 0, '2023-10-22', '2023-10-25', 7, 70, 120),
(7, 56, 34, 'cm', 'Manutenção preventiva em sistema elétrico.', 2, 0, '2023-03-10', '2023-03-13', 7, 71, 121),
(24, 56, 48, 'm', 'Instalação de sistema de segurança alimentado por energia solar.', 1, 1, '2023-03-18', null, 8, 72, 122),
(18, 56, 27, 'cm', 'Atualização do sistema de aterramento.', 1, 0, '2023-04-01', null, 9, 73, 123),
(23, 56, 37, 'm²', 'Inspeção e reparo de instalações elétricas após tempestade.', 2, 1, '2023-04-15', '2023-04-18', 9, 74, 124),
(17, 56, 45, 'cm', 'Reparos em circuito de iluminação.', 2, 0, '2023-05-06', '2023-05-09', 9, 75, 125),
(24, 56, 55, 'm', 'Instalação de gerador de emergência.', 1, 1, '2023-05-20', null, 8, 76, 126),
(7, 56, 33, 'cm', 'Substituição de painel elétrico antigo.', 1, 0, '2023-06-12', null, 8, 77, 127),
(18, 56, 61, 'm²', 'Avaliação de eficiência energética.', 2, 1, '2023-10-22', '2023-10-25', 8, 78, 128),
(23, 56, 39, 'cm', 'Instalação de carregador para veículo elétrico.', 2, 0, '2023-07-02', '2023-07-05', 8, 79, 129),
(18, 56, 40, 'm', 'Reparo em tomada queimada.', 1, 0, '2023-07-10', null, 8, 80, 130),
(24, 56, 65, 'cm', 'Instalação de interruptor.', 1, 1, '2023-07-15', null, 7, 81, 131),
(17, 56, 55, 'm²', 'Manutenção em quadro elétrico.', 2, 0, '2023-08-01', null, 7, 82, 132),
(7, 56, 35, 'cm', 'Verificação de curto-circuito.', 1, 0, '2023-08-10', null, 7, 83, 133),
(18, 56, 70, 'm', 'Instalação de luzes LED.', 1, 0, '2023-08-20', null, 7, 84, 134),
(23, 56, 52, 'm²', 'Substituição de disjuntor.', 1, 1, '2023-09-05', null, 9, 85, 135),
(7, 56, 42, 'cm', 'Reparo em iluminação externa.', 2, 0, '2023-09-15', '2023-09-18', 9, 86, 136),
(18, 56, 60, 'm', 'Instalação de ventilador de teto.', 2, 0, '2023-09-25', '2023-09-28', 9, 87, 137),
(24, 56, 58, 'm²', 'Verificação de potencial de economia de energia.', 1, 1, '2023-02-05', null, 8, 88, 138),
(17, 56, 45, 'cm', 'Reparo em sistema de alarme.', 2, 0, '2023-02-12', '2023-02-15', 8, 89, 139);




INSERT INTO chat
(solicitacao_id, id_remetente, mensagem, horario)
VALUES
(1, 1, 'Oi, tudo bem?', '2023-08-10 10:30:00'),
(1, 2, 'Olá! Estou bem, e você?', '2023-08-10 10:31:00'),
(2, 4, 'Bom dia, já pode começar o serviço?', '2023-08-11 09:00:00'),
(2, 5, 'Bom dia! Sim, já estou a caminho.', '2023-08-11 09:02:00'),
(3, 6, 'Oi, preciso alterar o horário do serviço para amanhã.', '2023-08-12 14:15:00'),
(3, 8, 'Sem problemas, que horas seria melhor para você?', '2023-08-12 14:17:00'),
(4, 7, 'Boa tarde, gostaria de adicionar um serviço extra.', '2023-08-13 16:20:00'),
(4, 9, 'Boa tarde! Claro, qual seria o serviço adicional?', '2023-08-13 16:22:00'),
(5, 11, 'Olá, vocês fazem instalação de torneiras também?', '2023-08-14 11:45:00'),
(5, 15, 'Olá! Sim, fazemos. Gostaria de adicionar esse serviço?', '2023-08-14 11:47:00'),
(6, 12, 'Oi, os móveis chegaram. Podemos agendar a montagem?', '2023-08-15 13:30:00'),
(6, 19, 'Oi! Claro, posso ir amanhã às 14h. Está bom para você?', '2023-08-15 13:32:00'),
(105, 56, 'Oi! Claro, posso ir amanhã às 14h. Está bom para você?', '2023-10-12 13:32:00'),
(105, 56, 'Não sei muito bem.', '2023-10-12 13:57:00');

INSERT INTO usuario_img
(prestador_id, anexo)
VALUES
(2, 'https://static.vecteezy.com/ti/fotos-gratis/t2/9759099-bela-cachoeira-natureza-cenario-da-floresta-profunda-colorida-em-dia-de-verao-gratis-foto.jpg'),
(2, 'https://i.pinimg.com/236x/a4/bb/31/a4bb31b5f54ef7ad2581de5230b045b4.jpg'),
(2, 'https://img.elo7.com.br/product/original/338BB23/painel-de-festa-paisagem-natureza-3x2-festa-infantil.jpg');



INSERT INTO crm_log
(acessou_url, inicio_contato, processo_finalizado, usuario_id)
VALUES
(0, '2023-08-12 14:17:00', 0, 56),
(0, '2023-08-15 11:23:45', 0, 2),
(0, '2023-09-01 10:15:30', 0, 3),
(0, '2023-09-02 17:47:20', 0, 4),
(0, '2023-08-19 09:34:50', 0, 5);

INSERT INTO crm_log_mensagem
(mensagem, crm_log_id)
VALUES
(20458, 1),
(78503, 1);

drop view if exists vw_bi_avaliacoes_area;

create view vw_bi_avaliacoes_area as
select
	a.id,
	a.descricao,
	a.nota,
	a2.id as area_id
from
	avaliacao a
join solicitacao s on
	s.avaliacao_id = a.id
join servico s2 on
	s.servico_id = s2.id
join area a2 on
	a2.id = s2.area_id ;
